/*
SQLyog Community v11.52 (32 bit)
MySQL - 5.6.17 : Database - poraapo_db
*********************************************************************
*/

/*!40101 SET NAMES utf8 */;

/*!40101 SET SQL_MODE=''*/;

/*!40014 SET @OLD_UNIQUE_CHECKS=@@UNIQUE_CHECKS, UNIQUE_CHECKS=0 */;
/*!40014 SET @OLD_FOREIGN_KEY_CHECKS=@@FOREIGN_KEY_CHECKS, FOREIGN_KEY_CHECKS=0 */;
/*!40101 SET @OLD_SQL_MODE=@@SQL_MODE, SQL_MODE='NO_AUTO_VALUE_ON_ZERO' */;
/*!40111 SET @OLD_SQL_NOTES=@@SQL_NOTES, SQL_NOTES=0 */;
CREATE DATABASE /*!32312 IF NOT EXISTS*/`poraapo_db` /*!40100 DEFAULT CHARACTER SET latin1 */;

USE `poraapo_db`;

/*Table structure for table `session` */

DROP TABLE IF EXISTS `session`;

CREATE TABLE `session` (
  `id` char(32) NOT NULL DEFAULT '',
  `name` varchar(255) NOT NULL,
  `modified` int(11) DEFAULT NULL,
  `lifetime` int(11) DEFAULT NULL,
  `data` text,
  PRIMARY KEY (`id`)
) ENGINE=MyISAM DEFAULT CHARSET=utf8;

/*Data for the table `session` */

insert  into `session`(`id`,`name`,`modified`,`lifetime`,`data`) values ('iq89b04ug1eefsfiobk2shcba4','PHPSESSID',1430215653,1440,'__ZF|a:1:{s:20:\"_REQUEST_ACCESS_TIME\";d:1430215653.748426914215087890625;}initialized|C:23:\"Zend\\Stdlib\\ArrayObject\":220:{a:4:{s:7:\"storage\";a:1:{s:4:\"init\";i:1;}s:4:\"flag\";i:2;s:13:\"iteratorClass\";s:13:\"ArrayIterator\";s:19:\"protectedProperties\";a:4:{i:0;s:7:\"storage\";i:1;s:4:\"flag\";i:2;s:13:\"iteratorClass\";i:3;s:19:\"protectedProperties\";}}}'),('r2vm6mndvb1deusnnlnjscr1l3','PHPSESSID',1430215759,1440,'__ZF|a:1:{s:20:\"_REQUEST_ACCESS_TIME\";d:1430215759.89914608001708984375;}initialized|C:23:\"Zend\\Stdlib\\ArrayObject\":220:{a:4:{s:7:\"storage\";a:1:{s:4:\"init\";i:1;}s:4:\"flag\";i:2;s:13:\"iteratorClass\";s:13:\"ArrayIterator\";s:19:\"protectedProperties\";a:4:{i:0;s:7:\"storage\";i:1;s:4:\"flag\";i:2;s:13:\"iteratorClass\";i:3;s:19:\"protectedProperties\";}}}'),('rj9kflf1p0fkiljg0sg18vmqp0','PHPSESSID',1430215417,1440,'__ZF|a:1:{s:20:\"_REQUEST_ACCESS_TIME\";d:1430215417.3048241138458251953125;}initialized|C:23:\"Zend\\Stdlib\\ArrayObject\":220:{a:4:{s:7:\"storage\";a:1:{s:4:\"init\";i:1;}s:4:\"flag\";i:2;s:13:\"iteratorClass\";s:13:\"ArrayIterator\";s:19:\"protectedProperties\";a:4:{i:0;s:7:\"storage\";i:1;s:4:\"flag\";i:2;s:13:\"iteratorClass\";i:3;s:19:\"protectedProperties\";}}}'),('iu18k1qbdrmt6lrebqmo2q6fe5','PHPSESSID',1430214762,1440,'__ZF|a:1:{s:20:\"_REQUEST_ACCESS_TIME\";d:1430214761.9429280757904052734375;}initialized|C:23:\"Zend\\Stdlib\\ArrayObject\":220:{a:4:{s:7:\"storage\";a:1:{s:4:\"init\";i:1;}s:4:\"flag\";i:2;s:13:\"iteratorClass\";s:13:\"ArrayIterator\";s:19:\"protectedProperties\";a:4:{i:0;s:7:\"storage\";i:1;s:4:\"flag\";i:2;s:13:\"iteratorClass\";i:3;s:19:\"protectedProperties\";}}}'),('1hnm685ilafaegfqpb8ii3u3h1','PHPSESSID',1430214761,1440,'__ZF|a:1:{s:20:\"_REQUEST_ACCESS_TIME\";d:1430214761.526134014129638671875;}initialized|C:23:\"Zend\\Stdlib\\ArrayObject\":220:{a:4:{s:7:\"storage\";a:1:{s:4:\"init\";i:1;}s:4:\"flag\";i:2;s:13:\"iteratorClass\";s:13:\"ArrayIterator\";s:19:\"protectedProperties\";a:4:{i:0;s:7:\"storage\";i:1;s:4:\"flag\";i:2;s:13:\"iteratorClass\";i:3;s:19:\"protectedProperties\";}}}'),('gq7itev85flm2c1lap27cr1652','PHPSESSID',1430214547,1440,'__ZF|a:1:{s:20:\"_REQUEST_ACCESS_TIME\";d:1430214547.2687079906463623046875;}initialized|C:23:\"Zend\\Stdlib\\ArrayObject\":220:{a:4:{s:7:\"storage\";a:1:{s:4:\"init\";i:1;}s:4:\"flag\";i:2;s:13:\"iteratorClass\";s:13:\"ArrayIterator\";s:19:\"protectedProperties\";a:4:{i:0;s:7:\"storage\";i:1;s:4:\"flag\";i:2;s:13:\"iteratorClass\";i:3;s:19:\"protectedProperties\";}}}'),('6uojdc1v87u2r2puh555teq587','PHPSESSID',1430214542,1440,'__ZF|a:1:{s:20:\"_REQUEST_ACCESS_TIME\";d:1430214542.3307170867919921875;}initialized|C:23:\"Zend\\Stdlib\\ArrayObject\":220:{a:4:{s:7:\"storage\";a:1:{s:4:\"init\";i:1;}s:4:\"flag\";i:2;s:13:\"iteratorClass\";s:13:\"ArrayIterator\";s:19:\"protectedProperties\";a:4:{i:0;s:7:\"storage\";i:1;s:4:\"flag\";i:2;s:13:\"iteratorClass\";i:3;s:19:\"protectedProperties\";}}}'),('ts3jbacu5ug6r5k6mi3ijcjil6','PHPSESSID',1430213835,1440,'__ZF|a:1:{s:20:\"_REQUEST_ACCESS_TIME\";d:1430213834.75329303741455078125;}initialized|C:23:\"Zend\\Stdlib\\ArrayObject\":220:{a:4:{s:7:\"storage\";a:1:{s:4:\"init\";i:1;}s:4:\"flag\";i:2;s:13:\"iteratorClass\";s:13:\"ArrayIterator\";s:19:\"protectedProperties\";a:4:{i:0;s:7:\"storage\";i:1;s:4:\"flag\";i:2;s:13:\"iteratorClass\";i:3;s:19:\"protectedProperties\";}}}'),('j7cj7att3nihn82t33e6kjn7f4','PHPSESSID',1430213833,1440,'__ZF|a:1:{s:20:\"_REQUEST_ACCESS_TIME\";d:1430213833.600657939910888671875;}initialized|C:23:\"Zend\\Stdlib\\ArrayObject\":220:{a:4:{s:7:\"storage\";a:1:{s:4:\"init\";i:1;}s:4:\"flag\";i:2;s:13:\"iteratorClass\";s:13:\"ArrayIterator\";s:19:\"protectedProperties\";a:4:{i:0;s:7:\"storage\";i:1;s:4:\"flag\";i:2;s:13:\"iteratorClass\";i:3;s:19:\"protectedProperties\";}}}'),('6lhcbnisp4slh5kpi3abdp3o14','PHPSESSID',1430210963,1440,'__ZF|a:1:{s:20:\"_REQUEST_ACCESS_TIME\";d:1430210963.2985498905181884765625;}initialized|C:23:\"Zend\\Stdlib\\ArrayObject\":127:{a:4:{s:7:\"storage\";a:1:{s:4:\"init\";i:1;}s:4:\"flag\";i:2;s:13:\"iteratorClass\";s:13:\"ArrayIterator\";s:19:\"protectedProperties\";N;}}'),('pnhteuhm8sodruq6umlulbo7e6','PHPSESSID',1430210868,1440,'__ZF|a:1:{s:20:\"_REQUEST_ACCESS_TIME\";d:1430210868.4594419002532958984375;}initialized|C:23:\"Zend\\Stdlib\\ArrayObject\":220:{a:4:{s:7:\"storage\";a:1:{s:4:\"init\";i:1;}s:4:\"flag\";i:2;s:13:\"iteratorClass\";s:13:\"ArrayIterator\";s:19:\"protectedProperties\";a:4:{i:0;s:7:\"storage\";i:1;s:4:\"flag\";i:2;s:13:\"iteratorClass\";i:3;s:19:\"protectedProperties\";}}}'),('md4rc1bfs8j7j0ae74mncavbl3','PHPSESSID',1430210171,1440,'__ZF|a:1:{s:20:\"_REQUEST_ACCESS_TIME\";d:1430210171.918170928955078125;}initialized|C:23:\"Zend\\Stdlib\\ArrayObject\":220:{a:4:{s:7:\"storage\";a:1:{s:4:\"init\";i:1;}s:4:\"flag\";i:2;s:13:\"iteratorClass\";s:13:\"ArrayIterator\";s:19:\"protectedProperties\";a:4:{i:0;s:7:\"storage\";i:1;s:4:\"flag\";i:2;s:13:\"iteratorClass\";i:3;s:19:\"protectedProperties\";}}}'),('kgs36kr6fvfjh6fsbfj7ntat22','PHPSESSID',1430209723,1440,'__ZF|a:1:{s:20:\"_REQUEST_ACCESS_TIME\";d:1430209723.0969669818878173828125;}initialized|C:23:\"Zend\\Stdlib\\ArrayObject\":127:{a:4:{s:7:\"storage\";a:1:{s:4:\"init\";i:1;}s:4:\"flag\";i:2;s:13:\"iteratorClass\";s:13:\"ArrayIterator\";s:19:\"protectedProperties\";N;}}'),('pdlbem8m900fa77nmnksvbna57','PHPSESSID',1430208126,1440,'__ZF|a:1:{s:20:\"_REQUEST_ACCESS_TIME\";d:1430208126.9079990386962890625;}initialized|C:23:\"Zend\\Stdlib\\ArrayObject\":220:{a:4:{s:7:\"storage\";a:1:{s:4:\"init\";i:1;}s:4:\"flag\";i:2;s:13:\"iteratorClass\";s:13:\"ArrayIterator\";s:19:\"protectedProperties\";a:4:{i:0;s:7:\"storage\";i:1;s:4:\"flag\";i:2;s:13:\"iteratorClass\";i:3;s:19:\"protectedProperties\";}}}'),('9pvaf4v20u7oscipmn865nn0b7','PHPSESSID',1430208125,1440,'__ZF|a:1:{s:20:\"_REQUEST_ACCESS_TIME\";d:1430208125.68941497802734375;}initialized|C:23:\"Zend\\Stdlib\\ArrayObject\":220:{a:4:{s:7:\"storage\";a:1:{s:4:\"init\";i:1;}s:4:\"flag\";i:2;s:13:\"iteratorClass\";s:13:\"ArrayIterator\";s:19:\"protectedProperties\";a:4:{i:0;s:7:\"storage\";i:1;s:4:\"flag\";i:2;s:13:\"iteratorClass\";i:3;s:19:\"protectedProperties\";}}}'),('8l7l0995ktj8i8ar22e37g15u1','PHPSESSID',1430208254,1440,'__ZF|a:1:{s:20:\"_REQUEST_ACCESS_TIME\";d:1430208254.8179309368133544921875;}initialized|C:23:\"Zend\\Stdlib\\ArrayObject\":127:{a:4:{s:7:\"storage\";a:1:{s:4:\"init\";i:1;}s:4:\"flag\";i:2;s:13:\"iteratorClass\";s:13:\"ArrayIterator\";s:19:\"protectedProperties\";N;}}'),('nu22tbgnhjvj9qk8rkrci8gbv4','PHPSESSID',1430207747,1440,'__ZF|a:1:{s:20:\"_REQUEST_ACCESS_TIME\";d:1430207747.2357280254364013671875;}initialized|C:23:\"Zend\\Stdlib\\ArrayObject\":220:{a:4:{s:7:\"storage\";a:1:{s:4:\"init\";i:1;}s:4:\"flag\";i:2;s:13:\"iteratorClass\";s:13:\"ArrayIterator\";s:19:\"protectedProperties\";a:4:{i:0;s:7:\"storage\";i:1;s:4:\"flag\";i:2;s:13:\"iteratorClass\";i:3;s:19:\"protectedProperties\";}}}'),('pjop5s2t6d4fiqp7369c233cr7','PHPSESSID',1430207726,1440,'__ZF|a:1:{s:20:\"_REQUEST_ACCESS_TIME\";d:1430207726.9561150074005126953125;}initialized|C:23:\"Zend\\Stdlib\\ArrayObject\":220:{a:4:{s:7:\"storage\";a:1:{s:4:\"init\";i:1;}s:4:\"flag\";i:2;s:13:\"iteratorClass\";s:13:\"ArrayIterator\";s:19:\"protectedProperties\";a:4:{i:0;s:7:\"storage\";i:1;s:4:\"flag\";i:2;s:13:\"iteratorClass\";i:3;s:19:\"protectedProperties\";}}}'),('q615njndvo3eoa0s3flkgmq510','PHPSESSID',1430206957,1440,'__ZF|a:1:{s:20:\"_REQUEST_ACCESS_TIME\";d:1430206957.7682669162750244140625;}initialized|C:23:\"Zend\\Stdlib\\ArrayObject\":220:{a:4:{s:7:\"storage\";a:1:{s:4:\"init\";i:1;}s:4:\"flag\";i:2;s:13:\"iteratorClass\";s:13:\"ArrayIterator\";s:19:\"protectedProperties\";a:4:{i:0;s:7:\"storage\";i:1;s:4:\"flag\";i:2;s:13:\"iteratorClass\";i:3;s:19:\"protectedProperties\";}}}'),('lcu59rv5q099f5qmbku6kpfhn1','PHPSESSID',1430206956,1440,'__ZF|a:1:{s:20:\"_REQUEST_ACCESS_TIME\";d:1430206956.77307891845703125;}initialized|C:23:\"Zend\\Stdlib\\ArrayObject\":220:{a:4:{s:7:\"storage\";a:1:{s:4:\"init\";i:1;}s:4:\"flag\";i:2;s:13:\"iteratorClass\";s:13:\"ArrayIterator\";s:19:\"protectedProperties\";a:4:{i:0;s:7:\"storage\";i:1;s:4:\"flag\";i:2;s:13:\"iteratorClass\";i:3;s:19:\"protectedProperties\";}}}'),('resu2b2ijuplpvjtqsb3b49o27','PHPSESSID',1430206912,1440,'__ZF|a:1:{s:20:\"_REQUEST_ACCESS_TIME\";d:1430206912.510117053985595703125;}initialized|C:23:\"Zend\\Stdlib\\ArrayObject\":220:{a:4:{s:7:\"storage\";a:1:{s:4:\"init\";i:1;}s:4:\"flag\";i:2;s:13:\"iteratorClass\";s:13:\"ArrayIterator\";s:19:\"protectedProperties\";a:4:{i:0;s:7:\"storage\";i:1;s:4:\"flag\";i:2;s:13:\"iteratorClass\";i:3;s:19:\"protectedProperties\";}}}'),('ne0chafdjld2dg62jlj0vjg0q0','PHPSESSID',1430206911,1440,'__ZF|a:1:{s:20:\"_REQUEST_ACCESS_TIME\";d:1430206911.3081109523773193359375;}initialized|C:23:\"Zend\\Stdlib\\ArrayObject\":220:{a:4:{s:7:\"storage\";a:1:{s:4:\"init\";i:1;}s:4:\"flag\";i:2;s:13:\"iteratorClass\";s:13:\"ArrayIterator\";s:19:\"protectedProperties\";a:4:{i:0;s:7:\"storage\";i:1;s:4:\"flag\";i:2;s:13:\"iteratorClass\";i:3;s:19:\"protectedProperties\";}}}'),('ghfj4i48eggnc0av0r64nmguh1','PHPSESSID',1430215651,1440,'__ZF|a:1:{s:20:\"_REQUEST_ACCESS_TIME\";d:1430215651.5848629474639892578125;}initialized|C:23:\"Zend\\Stdlib\\ArrayObject\":127:{a:4:{s:7:\"storage\";a:1:{s:4:\"init\";i:1;}s:4:\"flag\";i:2;s:13:\"iteratorClass\";s:13:\"ArrayIterator\";s:19:\"protectedProperties\";N;}}'),('ticfif5ojmq5it3cie5atpgcn7','PHPSESSID',1430206642,1440,'__ZF|a:1:{s:20:\"_REQUEST_ACCESS_TIME\";d:1430206642.2488100528717041015625;}initialized|C:23:\"Zend\\Stdlib\\ArrayObject\":220:{a:4:{s:7:\"storage\";a:1:{s:4:\"init\";i:1;}s:4:\"flag\";i:2;s:13:\"iteratorClass\";s:13:\"ArrayIterator\";s:19:\"protectedProperties\";a:4:{i:0;s:7:\"storage\";i:1;s:4:\"flag\";i:2;s:13:\"iteratorClass\";i:3;s:19:\"protectedProperties\";}}}'),('qrgrqc9r688aov7hmt6aihrep6','PHPSESSID',1430216641,1800,'__ZF|a:1:{s:20:\"_REQUEST_ACCESS_TIME\";d:1430216627.2020299;}initialized|C:23:\"Zend\\Stdlib\\ArrayObject\":127:{a:4:{s:7:\"storage\";a:1:{s:4:\"init\";i:1;}s:4:\"flag\";i:2;s:13:\"iteratorClass\";s:13:\"ArrayIterator\";s:19:\"protectedProperties\";N;}}'),('iqbg873smqct471driifuqji01','PHPSESSID',1430224541,1800,'__ZF|a:1:{s:20:\"_REQUEST_ACCESS_TIME\";d:1430224541.8537221;}initialized|C:23:\"Zend\\Stdlib\\ArrayObject\":127:{a:4:{s:7:\"storage\";a:1:{s:4:\"init\";i:1;}s:4:\"flag\";i:2;s:13:\"iteratorClass\";s:13:\"ArrayIterator\";s:19:\"protectedProperties\";N;}}'),('0mdu6cbvnm2n3ljpjbrfabslt2','PHPSESSID',1430229127,1800,'__ZF|a:1:{s:20:\"_REQUEST_ACCESS_TIME\";d:1430229126.1689301;}initialized|C:23:\"Zend\\Stdlib\\ArrayObject\":127:{a:4:{s:7:\"storage\";a:1:{s:4:\"init\";i:1;}s:4:\"flag\";i:2;s:13:\"iteratorClass\";s:13:\"ArrayIterator\";s:19:\"protectedProperties\";N;}}');

/*Table structure for table `tbl_bachelore_degrees` */

DROP TABLE IF EXISTS `tbl_bachelore_degrees`;

CREATE TABLE `tbl_bachelore_degrees` (
  `degree_id` int(10) NOT NULL AUTO_INCREMENT,
  `degree_name` varchar(150) DEFAULT NULL,
  `status` smallint(5) DEFAULT NULL,
  `created_at` datetime DEFAULT NULL,
  `modified_at` datetime DEFAULT NULL,
  PRIMARY KEY (`degree_id`)
) ENGINE=InnoDB AUTO_INCREMENT=5 DEFAULT CHARSET=latin1;

/*Data for the table `tbl_bachelore_degrees` */

insert  into `tbl_bachelore_degrees`(`degree_id`,`degree_name`,`status`,`created_at`,`modified_at`) values (1,'BTECH',1,'2015-04-17 19:45:36','2015-04-17 19:45:38'),(2,'BSC',1,'2015-04-17 19:45:48','2015-04-17 19:45:50'),(3,'BCOM',1,'2015-04-17 19:46:00','2015-04-17 19:46:02'),(4,'BE',1,'2015-04-17 19:46:17','2015-04-17 19:46:19');

/*Table structure for table `tbl_categories` */

DROP TABLE IF EXISTS `tbl_categories`;

CREATE TABLE `tbl_categories` (
  `category_id` int(10) NOT NULL AUTO_INCREMENT,
  `category_name` varchar(150) DEFAULT NULL,
  `status` smallint(5) DEFAULT NULL,
  `created_at` datetime DEFAULT NULL,
  `modified_at` datetime DEFAULT NULL,
  `category_type_id` int(11) DEFAULT NULL,
  PRIMARY KEY (`category_id`)
) ENGINE=InnoDB AUTO_INCREMENT=10 DEFAULT CHARSET=latin1;

/*Data for the table `tbl_categories` */

insert  into `tbl_categories`(`category_id`,`category_name`,`status`,`created_at`,`modified_at`,`category_type_id`) values (1,'Education',1,'2015-04-16 11:15:09','2015-04-18 01:37:36',2),(2,'Sports',1,'2015-04-16 11:15:44','2015-04-16 11:15:47',2),(3,'Movies',1,'2015-04-16 11:16:02','2015-04-18 02:56:05',2),(4,'News',1,'2015-04-16 12:45:06','2015-04-16 12:45:09',2),(5,'Pages',1,'2015-04-16 15:46:52','2015-04-16 15:46:55',1),(9,'Health',1,'2015-04-19 09:50:41','2015-04-19 09:50:41',2);

/*Table structure for table `tbl_category_types` */

DROP TABLE IF EXISTS `tbl_category_types`;

CREATE TABLE `tbl_category_types` (
  `category_type_id` int(11) NOT NULL AUTO_INCREMENT,
  `category_type_name` varchar(100) DEFAULT NULL,
  `created_at` datetime DEFAULT NULL,
  `modified_at` datetime DEFAULT NULL,
  PRIMARY KEY (`category_type_id`)
) ENGINE=InnoDB AUTO_INCREMENT=3 DEFAULT CHARSET=latin1;

/*Data for the table `tbl_category_types` */

insert  into `tbl_category_types`(`category_type_id`,`category_type_name`,`created_at`,`modified_at`) values (1,'Page','2015-04-16 11:27:50','2015-04-16 11:27:55'),(2,'Menu','2015-04-16 11:28:02','2015-04-16 11:28:06');

/*Table structure for table `tbl_colleges_junior` */

DROP TABLE IF EXISTS `tbl_colleges_junior`;

CREATE TABLE `tbl_colleges_junior` (
  `college_id` int(10) NOT NULL AUTO_INCREMENT,
  `country_id` int(10) DEFAULT NULL,
  `state_id` int(10) DEFAULT NULL,
  `district_id` int(10) DEFAULT NULL,
  `college_name` varchar(150) DEFAULT NULL,
  `status` smallint(5) DEFAULT NULL,
  `created_at` datetime DEFAULT NULL,
  `modified_at` datetime DEFAULT NULL,
  PRIMARY KEY (`college_id`)
) ENGINE=InnoDB AUTO_INCREMENT=4 DEFAULT CHARSET=latin1;

/*Data for the table `tbl_colleges_junior` */

insert  into `tbl_colleges_junior`(`college_id`,`country_id`,`state_id`,`district_id`,`college_name`,`status`,`created_at`,`modified_at`) values (1,97,2,1,'CHSK',1,'2015-04-17 19:43:04','2015-04-17 19:43:06'),(2,97,2,1,'MUM',1,'2015-04-17 19:43:28','2015-04-17 19:43:30'),(3,97,2,1,'SRH',1,'2015-04-17 19:43:56','2015-04-17 19:43:58');

/*Table structure for table `tbl_colleges_univ` */

DROP TABLE IF EXISTS `tbl_colleges_univ`;

CREATE TABLE `tbl_colleges_univ` (
  `univ_college_id` int(10) NOT NULL AUTO_INCREMENT,
  `univ_college_name` varchar(150) DEFAULT NULL,
  `university_id` int(10) DEFAULT NULL,
  `id_countries` int(10) DEFAULT NULL,
  `specialization_id` int(10) DEFAULT NULL,
  `status` smallint(5) DEFAULT NULL,
  `created_at` datetime DEFAULT NULL,
  `modified_at` datetime DEFAULT NULL,
  PRIMARY KEY (`univ_college_id`)
) ENGINE=InnoDB DEFAULT CHARSET=latin1;

/*Data for the table `tbl_colleges_univ` */

/*Table structure for table `tbl_countries` */

DROP TABLE IF EXISTS `tbl_countries`;

CREATE TABLE `tbl_countries` (
  `id_countries` int(3) unsigned NOT NULL AUTO_INCREMENT,
  `name` varchar(200) DEFAULT NULL,
  `status` smallint(5) DEFAULT NULL,
  PRIMARY KEY (`id_countries`)
) ENGINE=InnoDB AUTO_INCREMENT=238 DEFAULT CHARSET=latin1;

/*Data for the table `tbl_countries` */

insert  into `tbl_countries`(`id_countries`,`name`,`status`) values (1,'Afghanistan',1),(2,'Albania',1),(3,'Algeria',1),(4,'Andorra',1),(5,'Angola',1),(6,'Antigua and Barbuda',1),(7,'Argentina',1),(8,'Armenia',1),(9,'Australia',1),(10,'Austria',1),(11,'Azerbaijan',1),(12,'Bahamas',1),(13,'Bahrain',1),(14,'Bangladesh',1),(15,'Barbados',1),(16,'Belarus',1),(17,'Belgium',1),(18,'Belize',1),(19,'Benin',1),(20,'Bhutan ',1),(21,'Bolivia',1),(22,'Bosnia and Herzegovina',1),(23,'Botswana',1),(24,'Brazil',1),(25,'Brunei',1),(26,'Bulgaria',1),(27,'Burkina Faso',1),(28,'Burma',1),(29,'Burundi',1),(30,'Cabo Verde',1),(31,'Cambodia',1),(32,'Cameroon',1),(33,'Canada',1),(34,'Central African Republic',1),(35,'Chad',1),(36,'Chile',1),(37,'China',1),(38,'Colombia',1),(39,'Comoros',1),(40,'Congo (Brazzaville)',1),(41,'Congo (Kinshasa)',1),(42,'Costa Rica',1),(43,'Cote d\'Ivoire',1),(44,'Croatia',1),(45,'Cuba ',1),(46,'Cyprus',1),(47,'Czech Republic',1),(48,'Denmark',1),(49,'Djibouti',1),(50,'Dominica',1),(51,'Dominican Republic',1),(52,'Ecuador',1),(53,'Egypt',1),(54,'El Salvador',1),(55,'Equatorial Guinea',1),(56,'Eritrea',1),(57,'Estonia',1),(58,'Ethiopia',1),(59,'Fiji',1),(60,'Finland',1),(61,'France',1),(62,'Gabon',1),(63,'Gambia, The',1),(64,'Georgia',1),(65,'Germany',1),(66,'Ghana',1),(67,'Greece',1),(68,'Grenada',1),(69,'Guatemala',1),(70,'Guinea',1),(71,'Guinea-Bissau',1),(72,'Guyana',1),(73,'Haiti',1),(74,'Holy See ',1),(75,'Honduras',1),(76,'Hungary',1),(77,'Iceland',1),(78,'India',1),(79,'Indonesia',1),(80,'Iran ',1),(81,'Iraq',1),(82,'Ireland',1),(83,'Israel',1),(84,'Italy',1),(85,'Jamaica',1),(86,'Japan',1),(87,'Jordan',1),(88,'Kazakhstan',1),(89,'Kenya',1),(90,'Kiribati',1),(91,'Korea, North ',1),(92,'Korea, South',1),(93,'Kosovo ',1),(94,'Kuwait',1),(95,'Kyrgyzstan',1),(96,'Laos',1),(97,'Latvia',1),(98,'Lebanon',1),(99,'Lesotho',1),(100,'Liberia',1),(101,'Libya',1),(102,'Liechtenstein',1),(103,'Lithuania',1),(104,'Luxembourg',1),(105,'Macedonia',1),(106,'Madagascar',1),(107,'Malawi',1),(108,'Malaysia',1),(109,'Maldives',1),(110,'Mali',1),(111,'Malta',1),(112,'Marshall Islands',1),(113,'Mauritania',1),(114,'Mauritius',1),(115,'Mexico',1),(116,'Micronesia,',1),(117,'Moldova',1),(118,'Monaco',1),(119,'Mongolia',1),(120,'Montenegro',1),(121,'Morocco',1),(122,'Mozambique',1),(123,'Namibia',1),(124,'Nauru',1),(125,'Nepal',1),(126,'Netherlands',1),(127,'New Zealand',1),(128,'Nicaragua',1),(129,'Niger',1),(130,'Nigeria',1),(131,'Norway',1),(132,'Oman',1),(133,'Pakistan',1),(134,'Palau',1),(135,'Panama',1),(136,'Papua New Guinea',1),(137,'Paraguay',1),(138,'Peru',1),(139,'Philippines',1),(140,'Poland',1),(141,'Portugal',1),(142,'Qatar',1),(143,'Romania',1),(144,'Russia',1),(145,'Rwanda',1),(146,'Saint Kitts and Nevis',1),(147,'Saint Lucia',1),(148,'Saint Vincent and the Grenadines',1),(149,'Samoa',1),(150,'San Marino',1),(151,'Sao Tome and Principe',1),(152,'Saudi Arabia',1),(153,'Senegal',1),(154,'Serbia',1),(155,'Seychelles',1),(156,'Sierra Leone',1),(157,'Singapore',1),(158,'Slovakia',1),(159,'Slovenia',1),(160,'Solomon Islands',1),(161,'Somalia',1),(162,'South Africa',1),(163,'South Sudan',1),(164,'Spain',1),(165,'Sri Lanka',1),(166,'Sudan',1),(167,'Suriname',1),(168,'Swaziland',1),(169,'Sweden',1),(170,'Switzerland',1),(171,'Syria',1),(172,'Taiwan',1),(173,'Tajikistan',1),(174,'Tanzania',1),(175,'Thailand',1),(176,'Timor-Leste',1),(177,'Togo',1),(178,'Tonga',1),(179,'Trinidad and Tobago',1),(180,'Tunisia',1),(181,'Turkey',1),(182,'Turkmenistan',1),(183,'Tuvalu',1),(184,'Uganda',1),(185,'Ukraine',1),(186,'United Arab Emirates',1),(187,'United Kingdom',1),(188,'United States ',1),(189,'Uruguay',1),(190,'Uzbekistan',1),(191,'Vanuatu',1),(192,'Venezuela',1),(193,'Vietnam',1),(194,'Yemen',1),(195,'Zambia',1),(196,'Zimbabwe',1);

/*Table structure for table `tbl_districts` */

DROP TABLE IF EXISTS `tbl_districts`;

CREATE TABLE `tbl_districts` (
  `district_id` int(10) NOT NULL AUTO_INCREMENT,
  `district_name` varchar(150) DEFAULT NULL,
  `state_id` int(150) DEFAULT NULL,
  `status` smallint(5) DEFAULT NULL,
  `created_at` datetime DEFAULT NULL,
  `modified_at` datetime DEFAULT NULL,
  PRIMARY KEY (`district_id`)
) ENGINE=InnoDB AUTO_INCREMENT=373 DEFAULT CHARSET=latin1;

/*Data for the table `tbl_districts` */

insert  into `tbl_districts`(`district_id`,`district_name`,`state_id`,`status`,`created_at`,`modified_at`) values (1,'Anantapur',2,1,'0000-00-00 00:00:00','0000-00-00 00:00:00'),(2,'Chittoor',2,1,'0000-00-00 00:00:00','0000-00-00 00:00:00'),(3,'East Godavari',2,1,'0000-00-00 00:00:00','0000-00-00 00:00:00'),(4,'Guntur',2,1,'0000-00-00 00:00:00','0000-00-00 00:00:00'),(5,'Kadapa',2,1,'0000-00-00 00:00:00','0000-00-00 00:00:00'),(6,'Krishna',2,1,'0000-00-00 00:00:00','0000-00-00 00:00:00'),(7,'Kurnool',2,1,'0000-00-00 00:00:00','0000-00-00 00:00:00'),(8,'Prakasam',2,1,'0000-00-00 00:00:00','0000-00-00 00:00:00'),(9,'Nellore',2,1,'0000-00-00 00:00:00','0000-00-00 00:00:00'),(10,'Srikakulam',2,1,'0000-00-00 00:00:00','0000-00-00 00:00:00'),(11,'Visakhapatnam',2,1,'0000-00-00 00:00:00','0000-00-00 00:00:00'),(12,'Vizianagaram',2,1,'0000-00-00 00:00:00','0000-00-00 00:00:00'),(13,'West Godavari',2,1,'0000-00-00 00:00:00','0000-00-00 00:00:00'),(14,'Adilabad',32,1,'0000-00-00 00:00:00','0000-00-00 00:00:00'),(15,'Hyderabad',32,1,'0000-00-00 00:00:00','0000-00-00 00:00:00'),(16,'Karimnagar',32,1,'0000-00-00 00:00:00','0000-00-00 00:00:00'),(17,'Khammam',32,1,'0000-00-00 00:00:00','0000-00-00 00:00:00'),(18,'Mahboobnagar',32,1,'0000-00-00 00:00:00','0000-00-00 00:00:00'),(19,'Medak',32,1,'0000-00-00 00:00:00','0000-00-00 00:00:00'),(20,'Nalgonda',32,1,'0000-00-00 00:00:00','0000-00-00 00:00:00'),(21,'Nizamabad',32,1,'0000-00-00 00:00:00','0000-00-00 00:00:00'),(22,'Ranga Reddy',32,1,'0000-00-00 00:00:00','0000-00-00 00:00:00'),(23,'Warangal',32,1,'0000-00-00 00:00:00','0000-00-00 00:00:00'),(24,'Bagalkot',17,1,'0000-00-00 00:00:00','0000-00-00 00:00:00'),(25,'Ballari',17,1,'0000-00-00 00:00:00','0000-00-00 00:00:00'),(26,'Belagavi',17,1,'0000-00-00 00:00:00','0000-00-00 00:00:00'),(27,'Bengaluru Rural',17,1,'0000-00-00 00:00:00','0000-00-00 00:00:00'),(28,'Bengaluru Urban',17,1,'0000-00-00 00:00:00','0000-00-00 00:00:00'),(29,'Bidar',17,1,'0000-00-00 00:00:00','0000-00-00 00:00:00'),(30,'Chamarajanagar',17,1,'0000-00-00 00:00:00','0000-00-00 00:00:00'),(31,'Chikballapur',17,1,'0000-00-00 00:00:00','0000-00-00 00:00:00'),(32,'Chikkamagaluru',17,1,'0000-00-00 00:00:00','0000-00-00 00:00:00'),(33,'Chitradurga',17,1,'0000-00-00 00:00:00','0000-00-00 00:00:00'),(34,'Dakshina Kannada',17,1,'0000-00-00 00:00:00','0000-00-00 00:00:00'),(35,'Davanagere',17,1,'0000-00-00 00:00:00','0000-00-00 00:00:00'),(36,'Dharwad',17,1,'0000-00-00 00:00:00','0000-00-00 00:00:00'),(37,'Gadag',17,1,'0000-00-00 00:00:00','0000-00-00 00:00:00'),(38,'Hassan',17,1,'0000-00-00 00:00:00','0000-00-00 00:00:00'),(39,'Haveri',17,1,'0000-00-00 00:00:00','0000-00-00 00:00:00'),(40,'Kalaburagi',17,1,'0000-00-00 00:00:00','0000-00-00 00:00:00'),(41,'Kodagu',17,1,'0000-00-00 00:00:00','0000-00-00 00:00:00'),(42,'Kolar',17,1,'0000-00-00 00:00:00','0000-00-00 00:00:00'),(43,'Koppal',17,1,'0000-00-00 00:00:00','0000-00-00 00:00:00'),(44,'Mandya',17,1,'0000-00-00 00:00:00','0000-00-00 00:00:00'),(45,'Mysuru',17,1,'0000-00-00 00:00:00','0000-00-00 00:00:00'),(46,'Raichur',17,1,'0000-00-00 00:00:00','0000-00-00 00:00:00'),(47,'Ramanagara',17,1,'0000-00-00 00:00:00','0000-00-00 00:00:00'),(48,'Shivamogga',17,1,'0000-00-00 00:00:00','0000-00-00 00:00:00'),(49,'Tumakuru',17,1,'0000-00-00 00:00:00','0000-00-00 00:00:00'),(50,'Udupi',17,1,'0000-00-00 00:00:00','0000-00-00 00:00:00'),(51,'Uttara Kannada',17,1,'0000-00-00 00:00:00','0000-00-00 00:00:00'),(52,'Vijayapura',17,1,'0000-00-00 00:00:00','0000-00-00 00:00:00'),(53,'Yadgir',17,1,'0000-00-00 00:00:00','0000-00-00 00:00:00'),(54,'My District',1,1,'0000-00-00 00:00:00','0000-00-00 00:00:00'),(55,'My District',3,1,'0000-00-00 00:00:00','0000-00-00 00:00:00'),(56,'My District',4,1,'0000-00-00 00:00:00','0000-00-00 00:00:00'),(57,'My District',5,1,'0000-00-00 00:00:00','0000-00-00 00:00:00'),(58,'My District',6,1,'0000-00-00 00:00:00','0000-00-00 00:00:00'),(59,'My District',7,1,'0000-00-00 00:00:00','0000-00-00 00:00:00'),(60,'My District',8,1,'0000-00-00 00:00:00','0000-00-00 00:00:00'),(61,'My District',9,1,'0000-00-00 00:00:00','0000-00-00 00:00:00'),(62,'My District',10,1,'0000-00-00 00:00:00','0000-00-00 00:00:00'),(63,'My District',11,1,'0000-00-00 00:00:00','0000-00-00 00:00:00'),(64,'My District',12,1,'0000-00-00 00:00:00','0000-00-00 00:00:00'),(65,'My District',13,1,'0000-00-00 00:00:00','0000-00-00 00:00:00'),(66,'My District',14,1,'0000-00-00 00:00:00','0000-00-00 00:00:00'),(67,'My District',15,1,'0000-00-00 00:00:00','0000-00-00 00:00:00'),(68,'My District',16,1,'0000-00-00 00:00:00','0000-00-00 00:00:00'),(69,'My District',18,1,'0000-00-00 00:00:00','0000-00-00 00:00:00'),(70,'My District',19,1,'0000-00-00 00:00:00','0000-00-00 00:00:00'),(71,'My District',20,1,'0000-00-00 00:00:00','0000-00-00 00:00:00'),(72,'My District',21,1,'0000-00-00 00:00:00','0000-00-00 00:00:00'),(73,'My District',22,1,'0000-00-00 00:00:00','0000-00-00 00:00:00'),(74,'My District',23,1,'0000-00-00 00:00:00','0000-00-00 00:00:00'),(75,'My District',24,1,'0000-00-00 00:00:00','0000-00-00 00:00:00'),(76,'My District',25,1,'0000-00-00 00:00:00','0000-00-00 00:00:00'),(77,'My District',26,1,'0000-00-00 00:00:00','0000-00-00 00:00:00'),(78,'My District',27,1,'0000-00-00 00:00:00','0000-00-00 00:00:00'),(79,'My District',28,1,'0000-00-00 00:00:00','0000-00-00 00:00:00'),(80,'My District',29,1,'0000-00-00 00:00:00','0000-00-00 00:00:00'),(81,'My District',30,1,'0000-00-00 00:00:00','0000-00-00 00:00:00'),(82,'My District',31,1,'0000-00-00 00:00:00','0000-00-00 00:00:00'),(83,'My District',33,1,'0000-00-00 00:00:00','0000-00-00 00:00:00'),(84,'My District',34,1,'0000-00-00 00:00:00','0000-00-00 00:00:00'),(85,'My District',35,1,'0000-00-00 00:00:00','0000-00-00 00:00:00'),(86,'My District',36,1,'0000-00-00 00:00:00','0000-00-00 00:00:00'),(87,'My County',37,1,'0000-00-00 00:00:00','0000-00-00 00:00:00'),(88,'My County',38,1,'0000-00-00 00:00:00','0000-00-00 00:00:00'),(89,'My County',39,1,'0000-00-00 00:00:00','0000-00-00 00:00:00'),(90,'My County',40,1,'0000-00-00 00:00:00','0000-00-00 00:00:00'),(91,'My County',41,1,'0000-00-00 00:00:00','0000-00-00 00:00:00'),(92,'My County',42,1,'0000-00-00 00:00:00','0000-00-00 00:00:00'),(93,'My County',43,1,'0000-00-00 00:00:00','0000-00-00 00:00:00'),(94,'My County',44,1,'0000-00-00 00:00:00','0000-00-00 00:00:00'),(95,'My County',45,1,'0000-00-00 00:00:00','0000-00-00 00:00:00'),(96,'My County',46,1,'0000-00-00 00:00:00','0000-00-00 00:00:00'),(97,'My County',47,1,'0000-00-00 00:00:00','0000-00-00 00:00:00'),(98,'My County',48,1,'0000-00-00 00:00:00','0000-00-00 00:00:00'),(99,'My County',49,1,'0000-00-00 00:00:00','0000-00-00 00:00:00'),(100,'My County',50,1,'0000-00-00 00:00:00','0000-00-00 00:00:00'),(101,'My County',51,1,'0000-00-00 00:00:00','0000-00-00 00:00:00'),(102,'My County',52,1,'0000-00-00 00:00:00','0000-00-00 00:00:00'),(103,'My County',53,1,'0000-00-00 00:00:00','0000-00-00 00:00:00'),(104,'My County',54,1,'0000-00-00 00:00:00','0000-00-00 00:00:00'),(105,'My County',55,1,'0000-00-00 00:00:00','0000-00-00 00:00:00'),(106,'My County',56,1,'0000-00-00 00:00:00','0000-00-00 00:00:00'),(107,'My County',57,1,'0000-00-00 00:00:00','0000-00-00 00:00:00'),(108,'My County',58,1,'0000-00-00 00:00:00','0000-00-00 00:00:00'),(109,'My County',59,1,'0000-00-00 00:00:00','0000-00-00 00:00:00'),(110,'My County',60,1,'0000-00-00 00:00:00','0000-00-00 00:00:00'),(111,'My County',61,1,'0000-00-00 00:00:00','0000-00-00 00:00:00'),(112,'My County',62,1,'0000-00-00 00:00:00','0000-00-00 00:00:00'),(113,'My County',63,1,'0000-00-00 00:00:00','0000-00-00 00:00:00'),(114,'My County',64,1,'0000-00-00 00:00:00','0000-00-00 00:00:00'),(115,'My County',65,1,'0000-00-00 00:00:00','0000-00-00 00:00:00'),(116,'My County',66,1,'0000-00-00 00:00:00','0000-00-00 00:00:00'),(117,'My County',67,1,'0000-00-00 00:00:00','0000-00-00 00:00:00'),(118,'My County',68,1,'0000-00-00 00:00:00','0000-00-00 00:00:00'),(119,'My County',69,1,'0000-00-00 00:00:00','0000-00-00 00:00:00'),(120,'My County',70,1,'0000-00-00 00:00:00','0000-00-00 00:00:00'),(121,'My County',71,1,'0000-00-00 00:00:00','0000-00-00 00:00:00'),(122,'My County',72,1,'0000-00-00 00:00:00','0000-00-00 00:00:00'),(123,'My County',73,1,'0000-00-00 00:00:00','0000-00-00 00:00:00'),(124,'My County',74,1,'0000-00-00 00:00:00','0000-00-00 00:00:00'),(125,'My County',75,1,'0000-00-00 00:00:00','0000-00-00 00:00:00'),(126,'My County',76,1,'0000-00-00 00:00:00','0000-00-00 00:00:00'),(127,'My County',77,1,'0000-00-00 00:00:00','0000-00-00 00:00:00'),(128,'My County',78,1,'0000-00-00 00:00:00','0000-00-00 00:00:00'),(129,'My County',79,1,'0000-00-00 00:00:00','0000-00-00 00:00:00'),(130,'My County',80,1,'0000-00-00 00:00:00','0000-00-00 00:00:00'),(131,'My County',81,1,'0000-00-00 00:00:00','0000-00-00 00:00:00'),(132,'My County',82,1,'0000-00-00 00:00:00','0000-00-00 00:00:00'),(133,'My County',83,1,'0000-00-00 00:00:00','0000-00-00 00:00:00'),(134,'My County',84,1,'0000-00-00 00:00:00','0000-00-00 00:00:00'),(135,'My County',85,1,'0000-00-00 00:00:00','0000-00-00 00:00:00'),(136,'My County',86,1,'0000-00-00 00:00:00','0000-00-00 00:00:00'),(137,'My County',87,1,'0000-00-00 00:00:00','0000-00-00 00:00:00'),(138,'My District',88,1,'0000-00-00 00:00:00','0000-00-00 00:00:00'),(139,'My District',89,1,'0000-00-00 00:00:00','0000-00-00 00:00:00'),(140,'My District',90,1,'0000-00-00 00:00:00','0000-00-00 00:00:00'),(141,'My District',91,1,'0000-00-00 00:00:00','0000-00-00 00:00:00'),(142,'My District',92,1,'0000-00-00 00:00:00','0000-00-00 00:00:00'),(143,'My District',93,1,'0000-00-00 00:00:00','0000-00-00 00:00:00'),(144,'My District',94,1,'0000-00-00 00:00:00','0000-00-00 00:00:00'),(145,'My District',95,1,'0000-00-00 00:00:00','0000-00-00 00:00:00'),(146,'My District',96,1,'0000-00-00 00:00:00','0000-00-00 00:00:00'),(147,'My District',97,1,'0000-00-00 00:00:00','0000-00-00 00:00:00'),(148,'My District',98,1,'0000-00-00 00:00:00','0000-00-00 00:00:00'),(149,'My District',99,1,'0000-00-00 00:00:00','0000-00-00 00:00:00'),(150,'My District',100,1,'0000-00-00 00:00:00','0000-00-00 00:00:00'),(151,'My District',101,1,'0000-00-00 00:00:00','0000-00-00 00:00:00'),(152,'My District',102,1,'0000-00-00 00:00:00','0000-00-00 00:00:00'),(153,'My District',103,1,'0000-00-00 00:00:00','0000-00-00 00:00:00'),(154,'My District',104,1,'0000-00-00 00:00:00','0000-00-00 00:00:00'),(155,'My District',105,1,'0000-00-00 00:00:00','0000-00-00 00:00:00'),(156,'My District',106,1,'0000-00-00 00:00:00','0000-00-00 00:00:00'),(157,'My District',107,1,'0000-00-00 00:00:00','0000-00-00 00:00:00'),(158,'My District',108,1,'0000-00-00 00:00:00','0000-00-00 00:00:00'),(159,'My District',109,1,'0000-00-00 00:00:00','0000-00-00 00:00:00'),(160,'My District',110,1,'0000-00-00 00:00:00','0000-00-00 00:00:00'),(161,'My District',111,1,'0000-00-00 00:00:00','0000-00-00 00:00:00'),(162,'My District',112,1,'0000-00-00 00:00:00','0000-00-00 00:00:00'),(163,'My District',113,1,'0000-00-00 00:00:00','0000-00-00 00:00:00'),(164,'My District',114,1,'0000-00-00 00:00:00','0000-00-00 00:00:00'),(165,'My District',115,1,'0000-00-00 00:00:00','0000-00-00 00:00:00'),(166,'My District',116,1,'0000-00-00 00:00:00','0000-00-00 00:00:00'),(167,'My District',117,1,'0000-00-00 00:00:00','0000-00-00 00:00:00'),(168,'My District',118,1,'0000-00-00 00:00:00','0000-00-00 00:00:00'),(169,'My District',119,1,'0000-00-00 00:00:00','0000-00-00 00:00:00'),(170,'My District',120,1,'0000-00-00 00:00:00','0000-00-00 00:00:00'),(171,'My District',121,1,'0000-00-00 00:00:00','0000-00-00 00:00:00'),(172,'My District',122,1,'0000-00-00 00:00:00','0000-00-00 00:00:00'),(173,'My District',123,1,'0000-00-00 00:00:00','0000-00-00 00:00:00'),(174,'My District',124,1,'0000-00-00 00:00:00','0000-00-00 00:00:00'),(175,'My District',125,1,'0000-00-00 00:00:00','0000-00-00 00:00:00'),(176,'My District',126,1,'0000-00-00 00:00:00','0000-00-00 00:00:00'),(177,'My District',127,1,'0000-00-00 00:00:00','0000-00-00 00:00:00'),(178,'My District',128,1,'0000-00-00 00:00:00','0000-00-00 00:00:00'),(179,'My District',129,1,'0000-00-00 00:00:00','0000-00-00 00:00:00'),(180,'My District',130,1,'0000-00-00 00:00:00','0000-00-00 00:00:00'),(181,'My District',131,1,'0000-00-00 00:00:00','0000-00-00 00:00:00'),(182,'My District',132,1,'0000-00-00 00:00:00','0000-00-00 00:00:00'),(183,'My District',133,1,'0000-00-00 00:00:00','0000-00-00 00:00:00'),(184,'My District',134,1,'0000-00-00 00:00:00','0000-00-00 00:00:00'),(185,'My District',135,1,'0000-00-00 00:00:00','0000-00-00 00:00:00'),(186,'My District',136,1,'0000-00-00 00:00:00','0000-00-00 00:00:00'),(187,'My District',137,1,'0000-00-00 00:00:00','0000-00-00 00:00:00'),(188,'My District',138,1,'0000-00-00 00:00:00','0000-00-00 00:00:00'),(189,'My District',139,1,'0000-00-00 00:00:00','0000-00-00 00:00:00'),(190,'My District',140,1,'0000-00-00 00:00:00','0000-00-00 00:00:00'),(191,'My District',141,1,'0000-00-00 00:00:00','0000-00-00 00:00:00'),(192,'My District',142,1,'0000-00-00 00:00:00','0000-00-00 00:00:00'),(193,'My District',143,1,'0000-00-00 00:00:00','0000-00-00 00:00:00'),(194,'My District',144,1,'0000-00-00 00:00:00','0000-00-00 00:00:00'),(195,'My District',145,1,'0000-00-00 00:00:00','0000-00-00 00:00:00'),(196,'My District',146,1,'0000-00-00 00:00:00','0000-00-00 00:00:00'),(197,'My District',147,1,'0000-00-00 00:00:00','0000-00-00 00:00:00'),(198,'My District',148,1,'0000-00-00 00:00:00','0000-00-00 00:00:00'),(199,'My District',149,1,'0000-00-00 00:00:00','0000-00-00 00:00:00'),(200,'My District',150,1,'0000-00-00 00:00:00','0000-00-00 00:00:00'),(201,'My District',151,1,'0000-00-00 00:00:00','0000-00-00 00:00:00'),(202,'My District',152,1,'0000-00-00 00:00:00','0000-00-00 00:00:00'),(203,'My District',153,1,'0000-00-00 00:00:00','0000-00-00 00:00:00'),(204,'My District',154,1,'0000-00-00 00:00:00','0000-00-00 00:00:00'),(205,'My District',155,1,'0000-00-00 00:00:00','0000-00-00 00:00:00'),(206,'My District',156,1,'0000-00-00 00:00:00','0000-00-00 00:00:00'),(207,'My District',157,1,'0000-00-00 00:00:00','0000-00-00 00:00:00'),(208,'My District',158,1,'0000-00-00 00:00:00','0000-00-00 00:00:00'),(209,'My District',159,1,'0000-00-00 00:00:00','0000-00-00 00:00:00'),(210,'My District',160,1,'0000-00-00 00:00:00','0000-00-00 00:00:00'),(211,'My District',161,1,'0000-00-00 00:00:00','0000-00-00 00:00:00'),(212,'My District',162,1,'0000-00-00 00:00:00','0000-00-00 00:00:00'),(213,'My District',163,1,'0000-00-00 00:00:00','0000-00-00 00:00:00'),(214,'My District',164,1,'0000-00-00 00:00:00','0000-00-00 00:00:00'),(215,'My District',165,1,'0000-00-00 00:00:00','0000-00-00 00:00:00'),(216,'My District',166,1,'0000-00-00 00:00:00','0000-00-00 00:00:00'),(217,'My District',167,1,'0000-00-00 00:00:00','0000-00-00 00:00:00'),(218,'My District',168,1,'0000-00-00 00:00:00','0000-00-00 00:00:00'),(219,'My District',169,1,'0000-00-00 00:00:00','0000-00-00 00:00:00'),(220,'My District',170,1,'0000-00-00 00:00:00','0000-00-00 00:00:00'),(221,'My District',171,1,'0000-00-00 00:00:00','0000-00-00 00:00:00'),(222,'My District',172,1,'0000-00-00 00:00:00','0000-00-00 00:00:00'),(223,'My District',173,1,'0000-00-00 00:00:00','0000-00-00 00:00:00'),(224,'My District',174,1,'0000-00-00 00:00:00','0000-00-00 00:00:00'),(225,'My District',175,1,'0000-00-00 00:00:00','0000-00-00 00:00:00'),(226,'My District',176,1,'0000-00-00 00:00:00','0000-00-00 00:00:00'),(227,'My District',177,1,'0000-00-00 00:00:00','0000-00-00 00:00:00'),(228,'My District',178,1,'0000-00-00 00:00:00','0000-00-00 00:00:00'),(229,'My District',179,1,'0000-00-00 00:00:00','0000-00-00 00:00:00'),(230,'My District',180,1,'0000-00-00 00:00:00','0000-00-00 00:00:00'),(231,'My District',181,1,'0000-00-00 00:00:00','0000-00-00 00:00:00'),(232,'My District',182,1,'0000-00-00 00:00:00','0000-00-00 00:00:00'),(233,'My District',183,1,'0000-00-00 00:00:00','0000-00-00 00:00:00'),(234,'My District',184,1,'0000-00-00 00:00:00','0000-00-00 00:00:00'),(235,'My District',185,1,'0000-00-00 00:00:00','0000-00-00 00:00:00'),(236,'My District',186,1,'0000-00-00 00:00:00','0000-00-00 00:00:00'),(237,'My District',187,1,'0000-00-00 00:00:00','0000-00-00 00:00:00'),(238,'My District',188,1,'0000-00-00 00:00:00','0000-00-00 00:00:00'),(239,'My District',189,1,'0000-00-00 00:00:00','0000-00-00 00:00:00'),(240,'My District',190,1,'0000-00-00 00:00:00','0000-00-00 00:00:00'),(241,'My District',191,1,'0000-00-00 00:00:00','0000-00-00 00:00:00'),(242,'My District',192,1,'0000-00-00 00:00:00','0000-00-00 00:00:00'),(243,'My District',193,1,'0000-00-00 00:00:00','0000-00-00 00:00:00'),(244,'My District',194,1,'0000-00-00 00:00:00','0000-00-00 00:00:00'),(245,'My District',195,1,'0000-00-00 00:00:00','0000-00-00 00:00:00'),(246,'My District',196,1,'0000-00-00 00:00:00','0000-00-00 00:00:00'),(247,'My District',197,1,'0000-00-00 00:00:00','0000-00-00 00:00:00'),(248,'My District',198,1,'0000-00-00 00:00:00','0000-00-00 00:00:00'),(249,'My District',199,1,'0000-00-00 00:00:00','0000-00-00 00:00:00'),(250,'My District',200,1,'0000-00-00 00:00:00','0000-00-00 00:00:00'),(251,'My District',201,1,'0000-00-00 00:00:00','0000-00-00 00:00:00'),(252,'My District',202,1,'0000-00-00 00:00:00','0000-00-00 00:00:00'),(253,'My District',203,1,'0000-00-00 00:00:00','0000-00-00 00:00:00'),(254,'My District',204,1,'0000-00-00 00:00:00','0000-00-00 00:00:00'),(255,'My District',205,1,'0000-00-00 00:00:00','0000-00-00 00:00:00'),(256,'My District',206,1,'0000-00-00 00:00:00','0000-00-00 00:00:00'),(257,'My District',207,1,'0000-00-00 00:00:00','0000-00-00 00:00:00'),(258,'My District',208,1,'0000-00-00 00:00:00','0000-00-00 00:00:00'),(259,'My District',209,1,'0000-00-00 00:00:00','0000-00-00 00:00:00'),(260,'My District',210,1,'0000-00-00 00:00:00','0000-00-00 00:00:00'),(261,'My District',211,1,'0000-00-00 00:00:00','0000-00-00 00:00:00'),(262,'My District',212,1,'0000-00-00 00:00:00','0000-00-00 00:00:00'),(263,'My District',213,1,'0000-00-00 00:00:00','0000-00-00 00:00:00'),(264,'My District',214,1,'0000-00-00 00:00:00','0000-00-00 00:00:00'),(265,'My District',215,1,'0000-00-00 00:00:00','0000-00-00 00:00:00'),(266,'My District',216,1,'0000-00-00 00:00:00','0000-00-00 00:00:00'),(267,'My District',217,1,'0000-00-00 00:00:00','0000-00-00 00:00:00'),(268,'My District',218,1,'0000-00-00 00:00:00','0000-00-00 00:00:00'),(269,'My District',219,1,'0000-00-00 00:00:00','0000-00-00 00:00:00'),(270,'My District',220,1,'0000-00-00 00:00:00','0000-00-00 00:00:00'),(271,'My District',221,1,'0000-00-00 00:00:00','0000-00-00 00:00:00'),(272,'My District',222,1,'0000-00-00 00:00:00','0000-00-00 00:00:00'),(273,'My District',223,1,'0000-00-00 00:00:00','0000-00-00 00:00:00'),(274,'My District',224,1,'0000-00-00 00:00:00','0000-00-00 00:00:00'),(275,'My District',225,1,'0000-00-00 00:00:00','0000-00-00 00:00:00'),(276,'My District',226,1,'0000-00-00 00:00:00','0000-00-00 00:00:00'),(277,'My District',227,1,'0000-00-00 00:00:00','0000-00-00 00:00:00'),(278,'My District',228,1,'0000-00-00 00:00:00','0000-00-00 00:00:00'),(279,'My District',229,1,'0000-00-00 00:00:00','0000-00-00 00:00:00'),(280,'My District',230,1,'0000-00-00 00:00:00','0000-00-00 00:00:00'),(281,'My District',231,1,'0000-00-00 00:00:00','0000-00-00 00:00:00'),(282,'My District',232,1,'0000-00-00 00:00:00','0000-00-00 00:00:00'),(283,'My District',233,1,'0000-00-00 00:00:00','0000-00-00 00:00:00'),(284,'My District',234,1,'0000-00-00 00:00:00','0000-00-00 00:00:00'),(285,'My District',235,1,'0000-00-00 00:00:00','0000-00-00 00:00:00'),(286,'My District',236,1,'0000-00-00 00:00:00','0000-00-00 00:00:00'),(287,'My District',237,1,'0000-00-00 00:00:00','0000-00-00 00:00:00'),(288,'My District',238,1,'0000-00-00 00:00:00','0000-00-00 00:00:00'),(289,'My District',239,1,'0000-00-00 00:00:00','0000-00-00 00:00:00'),(290,'My District',240,1,'0000-00-00 00:00:00','0000-00-00 00:00:00'),(291,'My District',241,1,'0000-00-00 00:00:00','0000-00-00 00:00:00'),(292,'My District',242,1,'0000-00-00 00:00:00','0000-00-00 00:00:00'),(293,'My District',243,1,'0000-00-00 00:00:00','0000-00-00 00:00:00'),(294,'My District',244,1,'0000-00-00 00:00:00','0000-00-00 00:00:00'),(295,'My District',245,1,'0000-00-00 00:00:00','0000-00-00 00:00:00'),(296,'My District',246,1,'0000-00-00 00:00:00','0000-00-00 00:00:00'),(297,'My District',247,1,'0000-00-00 00:00:00','0000-00-00 00:00:00'),(298,'My District',248,1,'0000-00-00 00:00:00','0000-00-00 00:00:00'),(299,'My District',249,1,'0000-00-00 00:00:00','0000-00-00 00:00:00'),(300,'My District',250,1,'0000-00-00 00:00:00','0000-00-00 00:00:00'),(301,'My District',251,1,'0000-00-00 00:00:00','0000-00-00 00:00:00'),(302,'My District',252,1,'0000-00-00 00:00:00','0000-00-00 00:00:00'),(303,'My District',253,1,'0000-00-00 00:00:00','0000-00-00 00:00:00'),(304,'My District',254,1,'0000-00-00 00:00:00','0000-00-00 00:00:00'),(305,'My District',255,1,'0000-00-00 00:00:00','0000-00-00 00:00:00'),(306,'My District',256,1,'0000-00-00 00:00:00','0000-00-00 00:00:00'),(307,'My District',257,1,'0000-00-00 00:00:00','0000-00-00 00:00:00'),(308,'My District',258,1,'0000-00-00 00:00:00','0000-00-00 00:00:00'),(309,'My District',259,1,'0000-00-00 00:00:00','0000-00-00 00:00:00'),(310,'My District',260,1,'0000-00-00 00:00:00','0000-00-00 00:00:00'),(311,'My District',261,1,'0000-00-00 00:00:00','0000-00-00 00:00:00'),(312,'My District',262,1,'0000-00-00 00:00:00','0000-00-00 00:00:00'),(313,'My District',263,1,'0000-00-00 00:00:00','0000-00-00 00:00:00'),(314,'My District',264,1,'0000-00-00 00:00:00','0000-00-00 00:00:00'),(315,'My District',265,1,'0000-00-00 00:00:00','0000-00-00 00:00:00'),(316,'My District',266,1,'0000-00-00 00:00:00','0000-00-00 00:00:00'),(317,'My District',267,1,'0000-00-00 00:00:00','0000-00-00 00:00:00'),(318,'My District',268,1,'0000-00-00 00:00:00','0000-00-00 00:00:00'),(319,'My District',269,1,'0000-00-00 00:00:00','0000-00-00 00:00:00'),(320,'My District',270,1,'0000-00-00 00:00:00','0000-00-00 00:00:00'),(321,'My District',271,1,'0000-00-00 00:00:00','0000-00-00 00:00:00'),(322,'My District',272,1,'0000-00-00 00:00:00','0000-00-00 00:00:00'),(323,'My District',273,1,'0000-00-00 00:00:00','0000-00-00 00:00:00'),(324,'My District',274,1,'0000-00-00 00:00:00','0000-00-00 00:00:00'),(325,'My District',275,1,'0000-00-00 00:00:00','0000-00-00 00:00:00'),(326,'My District',276,1,'0000-00-00 00:00:00','0000-00-00 00:00:00'),(327,'My District',277,1,'0000-00-00 00:00:00','0000-00-00 00:00:00'),(328,'My District',278,1,'0000-00-00 00:00:00','0000-00-00 00:00:00'),(329,'My District',279,1,'0000-00-00 00:00:00','0000-00-00 00:00:00'),(330,'My District',280,1,'0000-00-00 00:00:00','0000-00-00 00:00:00'),(331,'My District',281,1,'0000-00-00 00:00:00','0000-00-00 00:00:00'),(332,'My District',282,1,'0000-00-00 00:00:00','0000-00-00 00:00:00'),(333,'My District',283,1,'0000-00-00 00:00:00','0000-00-00 00:00:00'),(334,'My District',284,1,'0000-00-00 00:00:00','0000-00-00 00:00:00'),(335,'My District',285,1,'0000-00-00 00:00:00','0000-00-00 00:00:00'),(336,'My District',286,1,'0000-00-00 00:00:00','0000-00-00 00:00:00'),(337,'My District',287,1,'0000-00-00 00:00:00','0000-00-00 00:00:00'),(338,'My District',288,1,'0000-00-00 00:00:00','0000-00-00 00:00:00'),(339,'My District',289,1,'0000-00-00 00:00:00','0000-00-00 00:00:00'),(340,'My District',290,1,'0000-00-00 00:00:00','0000-00-00 00:00:00'),(341,'My District',291,1,'0000-00-00 00:00:00','0000-00-00 00:00:00'),(342,'My District',292,1,'0000-00-00 00:00:00','0000-00-00 00:00:00'),(343,'My District',293,1,'0000-00-00 00:00:00','0000-00-00 00:00:00'),(344,'My District',294,1,'0000-00-00 00:00:00','0000-00-00 00:00:00'),(345,'My District',295,1,'0000-00-00 00:00:00','0000-00-00 00:00:00'),(346,'My District',296,1,'0000-00-00 00:00:00','0000-00-00 00:00:00'),(347,'My District',297,1,'0000-00-00 00:00:00','0000-00-00 00:00:00'),(348,'My District',298,1,'0000-00-00 00:00:00','0000-00-00 00:00:00'),(349,'My District',299,1,'0000-00-00 00:00:00','0000-00-00 00:00:00'),(350,'My District',300,1,'0000-00-00 00:00:00','0000-00-00 00:00:00'),(351,'My District',301,1,'0000-00-00 00:00:00','0000-00-00 00:00:00'),(352,'My District',302,1,'0000-00-00 00:00:00','0000-00-00 00:00:00'),(353,'My District',303,1,'0000-00-00 00:00:00','0000-00-00 00:00:00'),(354,'My District',304,1,'0000-00-00 00:00:00','0000-00-00 00:00:00'),(355,'My District',305,1,'0000-00-00 00:00:00','0000-00-00 00:00:00'),(356,'My District',306,1,'0000-00-00 00:00:00','0000-00-00 00:00:00'),(357,'My District',307,1,'0000-00-00 00:00:00','0000-00-00 00:00:00'),(358,'My District',308,1,'0000-00-00 00:00:00','0000-00-00 00:00:00'),(359,'My District',309,1,'0000-00-00 00:00:00','0000-00-00 00:00:00'),(360,'My District',310,1,'0000-00-00 00:00:00','0000-00-00 00:00:00'),(361,'My District',311,1,'0000-00-00 00:00:00','0000-00-00 00:00:00'),(362,'My District',312,1,'0000-00-00 00:00:00','0000-00-00 00:00:00'),(363,'My District',313,1,'0000-00-00 00:00:00','0000-00-00 00:00:00'),(364,'My District',314,1,'0000-00-00 00:00:00','0000-00-00 00:00:00'),(365,'My District',315,1,'0000-00-00 00:00:00','0000-00-00 00:00:00'),(366,'My District',316,1,'0000-00-00 00:00:00','0000-00-00 00:00:00'),(367,'My District',317,1,'0000-00-00 00:00:00','0000-00-00 00:00:00'),(368,'My District',318,1,'0000-00-00 00:00:00','0000-00-00 00:00:00'),(369,'My District',319,1,'0000-00-00 00:00:00','0000-00-00 00:00:00'),(370,'My District',320,1,'0000-00-00 00:00:00','0000-00-00 00:00:00'),(371,'My District',321,1,'0000-00-00 00:00:00','0000-00-00 00:00:00'),(372,'My District',322,1,'0000-00-00 00:00:00','0000-00-00 00:00:00');

/*Table structure for table `tbl_entrance_exam` */

DROP TABLE IF EXISTS `tbl_entrance_exam`;

CREATE TABLE `tbl_entrance_exam` (
  `entrance_exam_id` int(10) NOT NULL AUTO_INCREMENT,
  `country_id` int(150) DEFAULT NULL,
  `entrance_exam_name` varchar(150) DEFAULT NULL,
  `status` smallint(6) DEFAULT NULL,
  `created_at` datetime DEFAULT NULL,
  `modified_at` datetime DEFAULT NULL,
  PRIMARY KEY (`entrance_exam_id`)
) ENGINE=InnoDB AUTO_INCREMENT=317 DEFAULT CHARSET=latin1;

/*Data for the table `tbl_entrance_exam` */

insert  into `tbl_entrance_exam`(`entrance_exam_id`,`country_id`,`entrance_exam_name`,`status`,`created_at`,`modified_at`) values (34,97,'JEE MAIN',1,'0000-00-00 00:00:00','0000-00-00 00:00:00'),(35,97,'JEE ADVANCED',1,'0000-00-00 00:00:00','0000-00-00 00:00:00'),(36,97,'VITEEE',1,'0000-00-00 00:00:00','0000-00-00 00:00:00'),(37,97,'BITSAT',1,'0000-00-00 00:00:00','0000-00-00 00:00:00');

/*Table structure for table `tbl_forget_tokens` */

DROP TABLE IF EXISTS `tbl_forget_tokens`;

CREATE TABLE `tbl_forget_tokens` (
  `forget_pwd_id` int(11) NOT NULL AUTO_INCREMENT,
  `user_id` int(10) DEFAULT NULL,
  `email` varchar(50) DEFAULT NULL,
  `token_id` varchar(50) DEFAULT NULL,
  `status` smallint(5) DEFAULT NULL,
  `created_at` datetime DEFAULT NULL,
  PRIMARY KEY (`forget_pwd_id`)
) ENGINE=InnoDB AUTO_INCREMENT=10 DEFAULT CHARSET=latin1;

/*Data for the table `tbl_forget_tokens` */

insert  into `tbl_forget_tokens`(`forget_pwd_id`,`user_id`,`email`,`token_id`,`status`,`created_at`) values (3,NULL,'bhargava.aapthi@gmail.com','d05de94854',1,'2015-04-18 04:23:28'),(4,13,'admin@gmail.com','e19e422c8c',1,'2015-04-19 00:31:04'),(5,28,'dileepkumarkonda@gmail.com','95777e5845',1,'2015-04-21 07:30:30'),(7,38,'murali.brahman@gmail.com','841a7f5016',1,'2015-04-26 23:57:37'),(8,36,'pratap.jajjara@gmail.com','2a9ad17d7c',1,'2015-04-27 23:11:50'),(9,39,'murali.brahman7@gmail.com','c6c4fa5367',1,'2015-04-28 03:16:22');

/*Table structure for table `tbl_issues` */

DROP TABLE IF EXISTS `tbl_issues`;

CREATE TABLE `tbl_issues` (
  `issue_id` int(10) NOT NULL AUTO_INCREMENT,
  `category_id` int(150) DEFAULT NULL,
  `issue_title` varchar(150) DEFAULT NULL,
  `issue_decription` text,
  `status` smallint(5) DEFAULT NULL,
  `created_at` datetime DEFAULT NULL,
  `modified_at` datetime DEFAULT NULL,
  `total_likes` int(11) DEFAULT '0',
  `total_shares` int(11) DEFAULT '0',
  PRIMARY KEY (`issue_id`)
) ENGINE=InnoDB AUTO_INCREMENT=20 DEFAULT CHARSET=latin1;

/*Data for the table `tbl_issues` */

insert  into `tbl_issues`(`issue_id`,`category_id`,`issue_title`,`issue_decription`,`status`,`created_at`,`modified_at`,`total_likes`,`total_shares`) values (1,1,'Rote Learning','The education system encourages a lot of rote learning. The education system encourages a lot of rote learning.The education system encourages a lot of rote learning.The education system encourages a lot of rote learning.The education system encourages a lot of rote learning.The education system encourages a lot of rote learning.',1,'2015-04-16 13:55:24','2015-04-18 00:00:00',2,0),(2,2,'Lack of Awareness','Sports is not paid proper attention in India. Sports is not paid proper attention in India. Sports is not paid proper attention in India.',1,'2015-04-16 14:20:06','2015-04-18 00:00:00',2,0),(3,1,'Physical Fitness','Sports not proper part of cirriculum , so physiclal fitness of students not ',1,'2015-04-16 14:28:27','2015-04-21 00:00:00',3,0),(4,3,'Imitation','People in India imitate movie heros a lot...People in India imitate movie heros a lot...People in India imitate movie heros a lot...People in India imitate movie heros a lot...People in India imitate movie heros a lot...People in India imitate movie heros a lot...People in India imitate movie heros a lot...',1,'2015-04-16 14:28:43','2015-04-25 00:00:00',12,1),(5,3,'Uniqueness','Indian movies have a unique story line and feel. Indian movies have a unique story line and feel.Indian movies have a unique story line and feel.Indian movies have a unique story line and feel.Indian movies have a unique story line and feel.Indian movies have a unique story line and feel.Indian movies have a unique story line and feel.Indian movies have a unique story line and feel.Indian movies have a unique story line and feel.Indian movies have a unique story line and feel.Indian movies have a unique story line and feel.Indian movies have a unique story line and feel.',1,'2015-04-16 15:47:45','2015-04-25 00:00:00',4,2),(6,5,'CMSPage1Iss','<div class=\"mar_t page-header pad_0\">\r\n<h1>Privacy Policy</h1>\r\n</div>\r\n\r\n<p>This privacy policy has been compiled to better serve those who are concerned with how their &#39;Personally identifiable information&#39; (PII) is being used online. PII, as used in&nbsp;privacy law and information security, is information that can be used on its own or with other information to identify, contact, or locate a single person, or to identify an individual in context. Please read our privacy policy carefully to get a clear understanding of how we collect, use, protect or otherwise handle your Personally Identifiable Information in accordance with our website.</p>\r\n\r\n<h3>What personal information do we collect from the people that visit our blog, website or app?</h3>\r\n\r\n<p>When ordering or registering on our site, as appropriate, you may be asked to enter your name, email address, phone number or other details to help you with your experience.</p>\r\n\r\n<h3>When do we collect information?</h3>\r\n\r\n<p>We collect information from you when you register on our site, place an order, subscribe to a newsletter, respond to a survey, fill out a form or enter information on our site.</p>\r\n\r\n<h3>How do we use your information?</h3>\r\n\r\n<p>We may use the information we collect from you when you register, make a purchase, sign up for our newsletter, respond to a survey or marketing communication, surf the website, or use certain other site features in the following ways:</p>\r\n\r\n<p>&nbsp; &nbsp; &nbsp; &bull; To personalize user&#39;s experience and to allow us to deliver the type of content and product offerings in which you are most interested.<br />\r\n&nbsp; &nbsp; &nbsp; &bull; To improve our website in order to better serve you.<br />\r\n&nbsp; &nbsp; &nbsp; &bull; To allow us to better service you in responding to your customer service requests.<br />\r\n&nbsp; &nbsp; &nbsp; &bull; To administer a contest, promotion, survey or other site feature.<br />\r\n&nbsp; &nbsp; &nbsp; &bull; To quickly process your transactions.<br />\r\n&nbsp; &nbsp; &nbsp; &bull; To send periodic emails regarding your order or other products and services.</p>\r\n\r\n<h3>How do we protect visitor information?</h3>\r\n\r\n<p>Our website is scanned on a regular basis for security holes and known vulnerabilities in order to make your visit to our site as safe as possible.</p>\r\n\r\n<p>We use regular Malware Scanning.</p>\r\n\r\n<p>Your personal information is contained behind secured networks and is only accessible by a limited number of persons who have special access rights to such systems, and are required to keep the information confidential. In addition, all sensitive/credit information you supply is encrypted via Secure Socket Layer (SSL) technology.</p>\r\n\r\n<p>We implement a variety of security measures when a user places an order enters, submits, or accesses their information to maintain the safety of your personal information.</p>\r\n\r\n<p>All transactions are processed through a gateway provider and are not stored or processed on our servers.</p>\r\n\r\n<h3>Do we use &#39;cookies&#39;?</h3>\r\n\r\n<p>Yes. Cookies are small files that a site or its service provider transfers to your computer&#39;s hard drive through your Web browser (if you allow) that enables the site&#39;s or service provider&#39;s systems to recognize your browser and capture and remember certain information. For instance, we use cookies to help us remember and process the items in your shopping cart. They are also used to help us understand your preferences based on previous or current site activity, which enables us to provide you with improved services. We also use cookies to help us compile aggregate data about site traffic and site interaction so that we can offer better site experiences and tools in the future.</p>\r\n\r\n<p>We use cookies to:<br />\r\n&nbsp; &nbsp; &nbsp; &bull; Help remember and process the items in the shopping cart.<br />\r\n&nbsp; &nbsp; &nbsp; &bull; Understand and save user&#39;s preferences for future visits.<br />\r\n&nbsp; &nbsp; &nbsp; &bull; Compile aggregate data about site traffic and site interactions in order to offer better site experiences and tools in the future. We may also use trusted third party services that track this information on our behalf.</p>\r\n\r\n<p>You can choose to have your computer warn you each time a cookie is being sent, or you can choose to turn off all cookies. You do this through your browser (like Internet Explorer) settings. Each browser is a little different, so look at your browser&#39;s Help menu to learn the correct way to modify your cookies.</p>\r\n\r\n<p>If you disable cookies off, some features will be disabled It won&#39;t affect the users experience that make your site experience more efficient and some of our services will not function properly.</p>\r\n\r\n<p>However, you can still place orders .</p>\r\n\r\n<h3>Third Party Disclosure</h3>\r\n\r\n<p>We do not sell, trade, or otherwise transfer to outside parties your personally identifiable information unless we provide you with advance notice. This does not include website hosting partners and other parties who assist us in operating our website, conducting our business, or servicing you, so long as those parties agree to keep this information confidential. We may also release your information when we believe release is appropriate to comply with the law, enforce our site policies, or protect ours or others&#39; rights, property, or safety.&nbsp;</p>\r\n\r\n<p>However, non-personally identifiable visitor information may be provided to other parties for marketing, advertising, or other uses.</p>\r\n\r\n<h3>Third party links</h3>\r\n\r\n<p>We do not include or offer third party products or services on our website.</p>\r\n\r\n<h3>Google</h3>\r\n\r\n<p>Google&#39;s advertising requirements can be summed up by Google&#39;s Advertising Principles. They are put in place to provide a positive experience for users. https://support.google.com/adwordspolicy/answer/1316548?hl=en&nbsp;</p>\r\n\r\n<p>We use Google AdSense Advertising on our website.</p>\r\n\r\n<p>Google, as a third party vendor, uses cookies to serve ads on our site. Google&#39;s use of the DART cookie enables it to serve ads to our users based on their visit to our site and other sites on the Internet. Users may opt out of the use of the DART cookie by visiting the Google ad and content network privacy policy.</p>\r\n\r\n<p>We have implemented the following:<br />\r\n&nbsp; &nbsp; &nbsp; &bull; Demographics and Interests Reporting</p>\r\n\r\n<p>We along with third-party vendors, such as Google use first-party cookies (such as the Google Analytics cookies) and third-party cookies (such as the DoubleClick cookie) or other third-party identifiers together to compile data regarding user interactions with ad impressions, and other ad service functions as they relate to our website.</p>\r\n\r\n<p>Opting out:<br />\r\nUsers can set preferences for how Google advertises to you using the Google Ad Settings page. Alternatively, you can opt out by visiting the Network Advertising initiative opt out page or permanently using the Google Analytics Opt Out Browser add on.</p>\r\n\r\n<h3>California Online Privacy Protection Act</h3>\r\n\r\n<p>CalOPPA is the first state law in the nation to require commercial websites and online services to post a privacy policy. The law&#39;s reach stretches well beyond California to require a person or company in the United States (and conceivably the world) that operates websites collecting personally identifiable information from California consumers to post a conspicuous privacy policy on its website stating exactly the information being collected and those individuals with whom it is being shared, and to comply with this policy. - See more at: http://consumercal.org/california-online-privacy-protection-act-caloppa/#sthash.0FdRbT51.dpuf</p>\r\n\r\n<p>According to CalOPPA we agree to the following:<br />\r\nUsers can visit our site anonymously<br />\r\nOnce this privacy policy is created, we will add a link to it on our home page, or as a minimum on the first significant page after entering our website.<br />\r\nOur Privacy Policy link includes the word &#39;Privacy&#39;, and can be easily be found on the page specified above.</p>\r\n\r\n<p>Users will be notified of any privacy policy changes:<br />\r\n&nbsp; &nbsp; &nbsp; &bull; On our Privacy Policy Page<br />\r\nUsers are able to change their personal information:<br />\r\n&nbsp; &nbsp; &nbsp; &bull; By logging in to their account</p>\r\n\r\n<p>How does our site handle do not track signals?<br />\r\nWe honor do not track signals and do not track, plant cookies, or use advertising when a Do Not Track (DNT) browser mechanism is in place.</p>\r\n\r\n<p>Does our site allow third party behavioral tracking?<br />\r\nIt&#39;s also important to note that we do not allow third party behavioral tracking</p>\r\n\r\n<p>COPPA (Children Online Privacy Protection Act)</p>\r\n\r\n<p>When it comes to the collection of personal information from children under 13, the Children&#39;s Online Privacy Protection Act (COPPA) puts parents in control. The Federal Trade Commission, the nation&#39;s consumer protection agency, enforces the COPPA Rule, which spells out what operators of websites and online services must do to protect children&#39;s privacy and safety online.</p>\r\n\r\n<p>We do not specifically market to children under 13.</p>\r\n\r\n<h3>Fair Information Practices</h3>\r\n\r\n<p>The Fair Information Practices Principles form the backbone of privacy law in the United States and the concepts they include have played a significant role in the development of data protection laws around the globe. Understanding the Fair Information Practice Principles and how they should be implemented is critical to comply with the various privacy laws that protect personal information.</p>\r\n\r\n<p>In order to be in line with Fair Information Practices we will take the following responsive action, should a data breach occur:<br />\r\nWe will notify the users via email<br />\r\n&nbsp; &nbsp; &nbsp; &bull; Within 1 business day</p>\r\n\r\n<p>We also agree to the individual redress principle, which requires that individuals have a right to pursue legally enforceable rights against data collectors and processors who fail to adhere to the law. This principle requires not only that individuals have enforceable rights against data users, but also that individuals have recourse to courts or a government agency to investigate and/or prosecute non-compliance by data processors.</p>\r\n\r\n<p>CAN SPAM Act</p>\r\n\r\n<p>The CAN-SPAM Act is a law that sets the rules for commercial email, establishes requirements for commercial messages, gives recipients the right to have emails stopped from being sent to them, and spells out tough penalties for violations.</p>\r\n\r\n<p>We collect your email address in order to:<br />\r\n&nbsp; &nbsp; &nbsp; &bull; Send information, respond to inquiries, and/or other requests or questions.<br />\r\n&nbsp; &nbsp; &nbsp; &bull; Process orders and to send information and updates pertaining to orders<br />\r\n&nbsp; &nbsp; &nbsp; &bull; We may also send you additional information related to your product and/or service.<br />\r\n&nbsp; &nbsp; &nbsp; &bull; Market to our mailing list or continue to send emails to our clients after the original transaction has occurred</p>\r\n\r\n<p>To be in accordance with CANSPAM we agree to the following:<br />\r\n&nbsp; &nbsp; &nbsp; &bull; NOT use false, or misleading subjects or email addresses<br />\r\n&nbsp; &nbsp; &nbsp; &bull; Identify the message as an advertisement in some reasonable way<br />\r\n&nbsp; &nbsp; &nbsp; &bull; Include the physical address of our business or site headquarters<br />\r\n&nbsp; &nbsp; &nbsp; &bull; Monitor third party email marketing services for compliance, if one is used.<br />\r\n&nbsp; &nbsp; &nbsp; &bull; Honor opt-out/unsubscribe requests quickly<br />\r\n&nbsp; &nbsp; &nbsp; &bull; Allow users to unsubscribe by using the link at the bottom of each email</p>\r\n\r\n<p>If at any time you would like to unsubscribe from receiving future emails, you can email us at<br />\r\n&nbsp; &nbsp; &nbsp; &bull; Follow the instructions at the bottom of each email.<br />\r\nand we will promptly remove you from ALL correspondence.</p>\r\n\r\n<p>Poraapo.com&#39;s Privacy Policy and Securing your Information</p>\r\n\r\n<p>Poraapo.com will periodically update its Privacy Policy. Please check our privacy policies from time to time.</p>\r\n\r\n<p>Contacting Us</p>\r\n\r\n<p>If there are any questions regarding this privacy policy you may contact us using the information below.</p>\r\n\r\n<p>Poraapo.com<br />\r\nBangalore,&nbsp;Karnataka -&nbsp;560001&nbsp;India<br />\r\nservice@poraapo.org</p>\r\n',1,'2015-04-16 15:47:50','2015-04-21 00:00:00',0,0),(8,5,'Footer','<div class=\"row\">\r\n<div class=\"col-md-3\">\r\n<h2>Navigation</h2>\r\n\r\n<ul>\r\n	<li><a href=\"http://poraapo.com/\">Home</a></li>\r\n	<li><a href=\"/cms/About-Us-12\">About us</a></li>\r\n	<li><a href=\"/cms/Refunds-Payments-13\">Payments and&nbsp;Refunds</a></li>\r\n	<li><a href=\"http://poraapo.com/users/contact-us\">Contact</a></li>\r\n</ul>\r\n</div>\r\n\r\n<div class=\"col-md-3\">\r\n<h2>Other Links</h2>\r\n\r\n<ul>\r\n	<li><a href=\"/cms/Terms-&amp;-Conditions-9\">Terms and&nbsp;Conditions</a></li>\r\n	<li><a href=\"/cms/Disclaimers-10\">Disclaimers</a></li>\r\n	<li><a href=\"/cms/Privacy-&amp;-Policies-6\">Privacy&nbsp;Policy</a></li>\r\n	<li><a href=\"/cms/Complaints-&amp;-Grievance-Redressal-15\">Complaints and&nbsp;Grievance Redressal</a></li>\r\n</ul>\r\n</div>\r\n\r\n<div class=\"col-md-3\">\r\n<h2>Address</h2>\r\n\r\n<ul>\r\n	<li>Join Poraapo Movement<br />\r\n	Tiananmen Square<br />\r\n	Dongcheng, Beijing,&nbsp;China<br />\r\n	Email: <a href=\"mailto:poraapo@poraapo.org\">poraapo@poraapo.org</a><br />\r\n	Phone: 9999999999</li>\r\n</ul>\r\n</div>\r\n\r\n<div class=\"col-md-3\">\r\n<h2>Follow us</h2>\r\n<a href=\"#\"><img alt=\"facebook\" src=\"http://poraapo.com/public/img/facebook.png\" title=\"Facebook\" /></a> <a href=\"#\"><img alt=\"twitter\" src=\"http://poraapo.com/public/img/twitter.png\" title=\"Twitter\" /></a> <a href=\"#\"><img alt=\"google+\" src=\"http://poraapo.com/public/img/google+.png\" title=\"Google+\" /></a></div>\r\n</div>\r\n',1,'2015-04-17 00:00:00','2015-04-21 00:00:00',0,0),(9,5,'Terms and Conditions','<div class=\"mar_t page-header pad_0\">\r\n<h1>Terms and&nbsp;Conditions</h1>\r\n</div>\r\n\r\n<h2>Introduction</h2>\r\n\r\n<p>These Website Terms And Conditions (these &ldquo;Terms&rdquo; or these &ldquo;Website Terms And&nbsp;Conditions&rdquo;) contained herein on this webpage, shall govern your use of this&nbsp;website, including all pages within this website (collectively referred to&nbsp;herein below as this &ldquo;Website&rdquo;). These Terms apply in full force and effect to&nbsp;your use of this Website and by using this Website, you expressly accept all&nbsp;terms and conditions contained herein in full. You must not use this Website,&nbsp;if you have any objection to any of these Website Standard Terms And&nbsp;Conditions.</p>\r\n\r\n<p>This Website is not for use by any minors (defined as those who are not at least 15 years of age), and you must not use this Website if you are a minor.</p>\r\n\r\n<h2>Intellectual Property Rights</h2>\r\n\r\n<p>Other than content you own, which you may have opted to include on this Website, under these Terms, Poraapo.com and/or its licensors own all rights to the intellectual property and material contained in this Website, and all such rights are reserved.</p>\r\n\r\n<p>You are granted a limited license only, subject to the restrictions provided in&nbsp;these Terms, for purposes of viewing the material contained on this Website,</p>\r\n\r\n<h2>Restrictions</h2>\r\n\r\n<p>You are expressly and emphatically restricted from all of the following:</p>\r\n\r\n<ul>\r\n	<li>publishing any Website material in any media;</li>\r\n	<li>selling, sublicensing and/or otherwise commercializing any Website material;</li>\r\n	<li>publicly performing and/or showing any Website material;</li>\r\n	<li>using this Website in any way that is, or may be, damaging to this Website;</li>\r\n	<li>using this Website in any way that impacts user access to this Website;</li>\r\n	<li>using this Website contrary to applicable laws and regulations, or in a way&nbsp;that causes, or may cause, harm to the Website, or to any person or business&nbsp;entity;</li>\r\n	<li>engaging in any data mining, data harvesting, data extracting or any other&nbsp;similar activity in relation to this Website, or while using this Website;</li>\r\n	<li>using this Website to engage in any advertising or marketing;</li>\r\n</ul>\r\n\r\n<p>Certain areas of this Website are restricted from access by you and Poraapo.com&nbsp;may further restrict access by you to any areas of this Website, at any time,&nbsp;in its sole and absolute discretion. &nbsp;Any user ID and password you may have for&nbsp;this Website are confidential and you must maintain confidentiality of such&nbsp;information.</p>\r\n\r\n<h2>Your Content</h2>\r\n\r\n<p>In these Website Terms And Conditions, &ldquo;Your Content&rdquo; shall mean any audio,&nbsp;video, text, images or other material you choose to display on this Website.&nbsp;With respect to Your Content, by displaying it, you grant Poraapo.com a non-exclusive, worldwide, irrevocable, royalty-free, sublicensable license to use,&nbsp;reproduce, adapt, publish, translate and distribute it in any and all media.</p>\r\n\r\n<p>Your Content must be your own and must not be infringing on any third party&rsquo;s&nbsp;rights. Poraapo.com reserves the right to remove any of Your Content from this&nbsp;Website at any time, and for any reason, without notice.</p>\r\n\r\n<h2>No Warranties</h2>\r\n\r\n<p>This Website is provided &ldquo;as is,&rdquo; with all faults, and Poraapo.com makes no&nbsp;express or implied representations or warranties, of any kind related to this&nbsp;Website or the materials contained on this Website. Additionally, nothing&nbsp;contained on this Website shall be construed as providing consult or advice to&nbsp;you.</p>\r\n\r\n<h2>Limitation of Liability</h2>\r\n\r\n<p>In no event shall Poraapo.com, nor any of its officers, directors and&nbsp;employees, be liable to you for anything arising out of or in any way connected&nbsp;with your use of this Website, whether such liability is under contract, tort&nbsp;or otherwise, and Poraapo.com, including its officers, directors and employees&nbsp;shall not be liable for any indirect, consequential or special liability&nbsp;arising out of or in any way related to your use of this Website.</p>\r\n\r\n<h2>Indemnification</h2>\r\n\r\n<p>You hereby indemnify to the fullest extent Poraapo.com from and against any and&nbsp;all liabilities, costs, demands, causes of action, damages and expenses&nbsp;(including reasonable attorney&rsquo;s fees) arising out of or in any way related to&nbsp;your breach of any of the provisions of these Terms.</p>\r\n\r\n<h2>Severability</h2>\r\n\r\n<p>If any provision of these Terms is found to be unenforceable or invalid under&nbsp;any applicable law, such unenforceability or invalidity shall not render these&nbsp;Terms unenforceable or invalid as a whole, and such provisions shall be deleted&nbsp;without affecting the remaining provisions herein.</p>\r\n\r\n<h2>Variation of Terms</h2>\r\n\r\n<p>Poraapo.com is permitted to revise these Terms at any time as it sees fit, and&nbsp;by using this Website you are expected to review such Terms on a regular basis&nbsp;to ensure you understand all terms and conditions governing use of this&nbsp;Website.</p>\r\n\r\n<h2>Assignment</h2>\r\n\r\n<p>Poraapo.com shall be permitted to assign, transfer, and subcontract its rights&nbsp;and/or obligations under these Terms without any notification or consent&nbsp;required. However, you shall not be permitted to assign, transfer, or&nbsp;subcontract any of your rights and/or obligations under these Terms.</p>\r\n\r\n<h2>Entire Agreement</h2>\r\n\r\n<p>These Terms, including any legal notices and disclaimers contained on this&nbsp;Website, constitute the entire agreement between Poraapo.com and you in&nbsp;relation to your use of this Website, and supersede all prior agreements and&nbsp;understandings with respect to the same.</p>\r\n\r\n<h2>Governing Law and&nbsp;Jurisdiction</h2>\r\n\r\n<p>These Terms will be governed by and construed in accordance with the laws of&nbsp;the State of Karnataka, India, and you submit to the non-exclusive jurisdiction&nbsp;of the state and federal courts located in Karnataka, India for the resolution&nbsp;of any disputes.</p>\r\n',1,'2015-04-17 00:00:00','2015-04-21 00:00:00',0,0),(10,5,'Disclaimers','<div class=\"mar_t page-header pad_0\">\r\n<h1>Disclaimers</h1>\r\n</div>\r\n\r\n<h2>No warranties</h2>\r\n\r\n<p>This website is provided &ldquo;as is&rdquo; without any representations or warranties, express or implied. Poraapo.com makes no representations or warranties in relation to this website or the information and materials provided on this website. &nbsp;</p>\r\n\r\n<p>Without prejudice to the generality of the foregoing paragraph, Poraapo.com does not warrant that:</p>\r\n\r\n<ul>\r\n	<li>this website will be constantly available, or available at all; or</li>\r\n	<li>the information on this website is complete, true, accurate or non-misleading.</li>\r\n</ul>\r\n\r\n<p>Nothing on this website constitutes, or is meant to constitute, advice of any kind. &nbsp;If you require advice in relation to any [legal, financial or medical] matter you should consult an appropriate professional.</p>\r\n\r\n<h2>Limitations of liability</h2>\r\n\r\n<p>Poraapo.com will not be liable to you (whether under the law of contract, the law of torts or otherwise) in relation to the contents of, or use of, or otherwise in connection with, this website:</p>\r\n\r\n<p>to the extent that the website is provided free-of-charge, for any direct loss;<br />\r\nfor any indirect, special or consequential loss; or&nbsp;for any business losses, loss of revenue, income, profits or anticipated savings, loss of contracts or business relationships, loss of reputation or goodwill, or loss or corruption of information or data.</p>\r\n\r\n<p>These limitations of liability apply even if Poraapo.com has been expressly advised of the potential loss.</p>\r\n\r\n<h2>Exceptions</h2>\r\n\r\n<p>Nothing in this website disclaimer will exclude or limit any warranty implied by law that it would be unlawful to exclude or limit; and nothing in this website disclaimer will exclude or limit Poraapo.com&nbsp;liability in respect of any:</p>\r\n\r\n<ul>\r\n	<li>death or personal injury caused by Poraapo.com&nbsp;negligence;</li>\r\n	<li>fraud or fraudulent misrepresentation on the part of Poraapo.com; or</li>\r\n	<li>matter which it would be illegal or unlawful for Poraapo.com to exclude or limit, or to attempt or purport to exclude or limit, its liability.&nbsp;</li>\r\n</ul>\r\n\r\n<h2>Reasonableness</h2>\r\n\r\n<p>By using this website, you agree that the exclusions and limitations of liability set out in this website disclaimer are reasonable. &nbsp;</p>\r\n\r\n<p>If you do not think they are reasonable, you must not use this website.</p>\r\n\r\n<h2>Other parties</h2>\r\n\r\n<p>You accept that, as a limited liability entity, Poraapo.com has an interest in limiting the personal liability of its officers and employees. &nbsp;You agree that you will not bring any claim personally against Poraapo.com&nbsp;officers or employees in respect of any losses you suffer in connection with the website.</p>\r\n\r\n<p>Without prejudice to the foregoing paragraph,&nbsp;you agree that the limitations of warranties and liability set out in this website disclaimer will protect Poraapo.com&nbsp;officers, employees, agents, subsidiaries, successors, assigns and sub-contractors as well as Poraapo.com.&nbsp;</p>\r\n\r\n<h2>Unenforceable provisions</h2>\r\n\r\n<p>If any provision of this website disclaimer is, or is found to be, unenforceable under applicable law, that will not affect the enforceability of the other provisions of this website disclaimer.</p>\r\n',1,'2015-04-17 00:00:00','2015-04-21 00:00:00',0,0),(11,5,'Home','	<div class=\"mar_t page-header pad_0\">\r\n		<h1 id=\"forms\">Home Page</h1>\r\n	</div>\r\n	<p>Lorem Ipsum is simply dummy text of the printing and typesetting industry. Lorem Ipsum has been the industry\'s standard dummy text ever since the 1500s, when an unknown printer took a galley of type and scrambled it to make a type specimen book. It has survived not only five centuries, but also the leap into electronic typesetting, remaining essentially unchanged. It was popularised in the 1960s with the release of Letraset sheets containing Lorem Ipsum passages, and more recently with desktop publishing software like Aldus PageMaker including versions of Lorem Ipsum.</p>\r\n	<h2>Heading1</h2>\r\n	<p>Lorem Ipsum is simply dummy text of the printing and typesetting industry. Lorem Ipsum has been the industry\'s standard dummy text ever since the 1500s, when an unknown printer took a galley of type and scrambled it to make a type specimen book. It has survived not only five centuries, but also the leap into electronic typesetting, remaining essentially unchanged. It was popularised in the 1960s with the release of Letraset sheets containing Lorem Ipsum passages, and more recently with desktop publishing software like Aldus PageMaker including versions of Lorem Ipsum.</p>\r\n	<h2>Heading2</h2>\r\n	<p>Lorem Ipsum is simply dummy text of the printing and typesetting industry. Lorem Ipsum has been the industry\'s standard dummy text ever since the 1500s, when an unknown printer took a galley of type and scrambled it to make a type specimen book. It has survived not only five centuries, but also the leap into electronic typesetting, remaining essentially unchanged. It was popularised in the 1960s with the release of Letraset sheets containing Lorem Ipsum passages, and more recently with desktop publishing software like Aldus PageMaker including versions of Lorem Ipsum.</p>\r\n	<h2>Heading3</h2>\r\n	<p>Lorem Ipsum is simply dummy text of the printing and typesetting industry. Lorem Ipsum has been the industry\'s standard dummy text ever since the 1500s, when an unknown printer took a galley of type and scrambled it to make a type specimen book. It has survived not only five centuries, but also the leap into electronic typesetting, remaining essentially unchanged. It was popularised in the 1960s with the release of Letraset sheets containing Lorem Ipsum passages, and more recently with desktop publishing software like Aldus PageMaker including versions of Lorem Ipsum.</p>\r\n	<h2>Heading4</h2>\r\n	<p>Lorem Ipsum is simply dummy text of the printing and typesetting industry. Lorem Ipsum has been the industry\'s standard dummy text ever since the 1500s, when an unknown printer took a galley of type and scrambled it to make a type specimen book. It has survived not only five centuries, but also the leap into electronic typesetting, remaining essentially unchanged. It was popularised in the 1960s with the release of Letraset sheets containing Lorem Ipsum passages, and more recently with desktop publishing software like Aldus PageMaker including versions of Lorem Ipsum.</p>\r\n',1,'2015-04-17 00:00:00','2015-04-17 00:00:00',0,0),(12,5,'About Us','<div class=\"mar_t page-header pad_0\">\r\n<h1>About Poraapo.com</h1>\r\n</div>\r\n\r\n<p style=\"text-align:justify\">Poraapo.com was launched in April 2015. Sociological transformation is one of our objectives. Areas of interest to us include but are not limited to Education, Health, Languages, Religions, Currencies, Income Inequality, Wealth Disparity, Governments, Public Money, Product Consumption, Service Consumption, and Commercial Transactions. Poraapo.com posts Categories and Issues which have a potential to trigger interest&nbsp;in&nbsp;people to join our endeavour to sociologically transform our world for overall&nbsp;betterment.&nbsp;</p>\r\n\r\n<h2>Higher Education</h2>\r\n\r\n<p>Lorem Ipsum is simply dummy text of the printing and typesetting industry. Lorem Ipsum has been the industry&#39;s standard dummy text ever since the 1500s, when an unknown printer took a galley of type and scrambled it to make a type specimen book. It has survived not only five centuries, but also the leap into electronic typesetting, remaining essentially unchanged. It was popularised in the 1960s with the release of Letraset sheets containing Lorem Ipsum passages, and more recently with desktop publishing software like Aldus PageMaker including versions of Lorem Ipsum.</p>\r\n\r\n<h2>Health, Wellness, and Disease Prevention</h2>\r\n\r\n<p>Lorem Ipsum is simply dummy text of the printing and typesetting industry. Lorem Ipsum has been the industry&#39;s standard dummy text ever since the 1500s, when an unknown printer took a galley of type and scrambled it to make a type specimen book. It has survived not only five centuries, but also the leap into electronic typesetting, remaining essentially unchanged. It was popularised in the 1960s with the release of Letraset sheets containing Lorem Ipsum passages, and more recently with desktop publishing software like Aldus PageMaker including versions of Lorem Ipsum.</p>\r\n\r\n<h2>Languages</h2>\r\n\r\n<p>Lorem Ipsum is simply dummy text of the printing and typesetting industry. Lorem Ipsum has been the industry&#39;s standard dummy text ever since the 1500s, when an unknown printer took a galley of type and scrambled it to make a type specimen book. It has survived not only five centuries, but also the leap into electronic typesetting, remaining essentially unchanged. It was popularised in the 1960s with the release of Letraset sheets containing Lorem Ipsum passages, and more recently with desktop publishing software like Aldus PageMaker including versions of Lorem Ipsum.</p>\r\n\r\n<h2>Religions</h2>\r\n\r\n<p>Lorem Ipsum is simply dummy text of the printing and typesetting industry. Lorem Ipsum has been the industry&#39;s standard dummy text ever since the 1500s, when an unknown printer took a galley of type and scrambled it to make a type specimen book. It has survived not only five centuries, but also the leap into electronic typesetting, remaining essentially unchanged. It was popularised in the 1960s with the release of Letraset sheets containing Lorem Ipsum passages, and more recently with desktop publishing software like Aldus PageMaker including versions of Lorem Ipsum.</p>\r\n\r\n<h2>Currencies</h2>\r\n\r\n<p>Lorem Ipsum is simply dummy text of the printing and typesetting industry. Lorem Ipsum has been the industry&#39;s standard dummy text ever since the 1500s, when an unknown printer took a galley of type and scrambled it to make a type specimen book. It has survived not only five centuries, but also the leap into electronic typesetting, remaining essentially unchanged. It was popularised in the 1960s with the release of Letraset sheets containing Lorem Ipsum passages, and more recently with desktop publishing software like Aldus PageMaker including versions of Lorem Ipsum.</p>\r\n\r\n<h2>Income Inequality</h2>\r\n\r\n<p>Lorem Ipsum is simply dummy text of the printing and typesetting industry. Lorem Ipsum has been the industry&#39;s standard dummy text ever since the 1500s, when an unknown printer took a galley of type and scrambled it to make a type specimen book. It has survived not only five centuries, but also the leap into electronic typesetting, remaining essentially unchanged. It was popularised in the 1960s with the release of Letraset sheets containing Lorem Ipsum passages, and more recently with desktop publishing software like Aldus PageMaker including versions of Lorem Ipsum.</p>\r\n\r\n<h2>Wealth Disparity</h2>\r\n\r\n<p>Lorem Ipsum is simply dummy text of the printing and typesetting industry. Lorem Ipsum has been the industry&#39;s standard dummy text ever since the 1500s, when an unknown printer took a galley of type and scrambled it to make a type specimen book. It has survived not only five centuries, but also the leap into electronic typesetting, remaining essentially unchanged. It was popularised in the 1960s with the release of Letraset sheets containing Lorem Ipsum passages, and more recently with desktop publishing software like Aldus PageMaker including versions of Lorem Ipsum.</p>\r\n\r\n<h2>Governments</h2>\r\n\r\n<p>Lorem Ipsum is simply dummy text of the printing and typesetting industry. Lorem Ipsum has been the industry&#39;s standard dummy text ever since the 1500s, when an unknown printer took a galley of type and scrambled it to make a type specimen book. It has survived not only five centuries, but also the leap into electronic typesetting, remaining essentially unchanged. It was popularised in the 1960s with the release of Letraset sheets containing Lorem Ipsum passages, and more recently with desktop publishing software like Aldus PageMaker including versions of Lorem Ipsum.</p>\r\n\r\n<h2>Public Money</h2>\r\n\r\n<p>Lorem Ipsum is simply dummy text of the printing and typesetting industry. Lorem Ipsum has been the industry&#39;s standard dummy text ever since the 1500s, when an unknown printer took a galley of type and scrambled it to make a type specimen book. It has survived not only five centuries, but also the leap into electronic typesetting, remaining essentially unchanged. It was popularised in the 1960s with the release of Letraset sheets containing Lorem Ipsum passages, and more recently with desktop publishing software like Aldus PageMaker including versions of Lorem Ipsum.</p>\r\n\r\n<h2>Product Consumption</h2>\r\n\r\n<p>Lorem Ipsum is simply dummy text of the printing and typesetting industry. Lorem Ipsum has been the industry&#39;s standard dummy text ever since the 1500s, when an unknown printer took a galley of type and scrambled it to make a type specimen book. It has survived not only five centuries, but also the leap into electronic typesetting, remaining essentially unchanged. It was popularised in the 1960s with the release of Letraset sheets containing Lorem Ipsum passages, and more recently with desktop publishing software like Aldus PageMaker including versions of Lorem Ipsum.</p>\r\n\r\n<h2>Service Consumption</h2>\r\n\r\n<p>Lorem Ipsum is simply dummy text of the printing and typesetting industry. Lorem Ipsum has been the industry&#39;s standard dummy text ever since the 1500s, when an unknown printer took a galley of type and scrambled it to make a type specimen book. It has survived not only five centuries, but also the leap into electronic typesetting, remaining essentially unchanged. It was popularised in the 1960s with the release of Letraset sheets containing Lorem Ipsum passages, and more recently with desktop publishing software like Aldus PageMaker including versions of Lorem Ipsum.</p>\r\n\r\n<h2>Commercial Transactions</h2>\r\n\r\n<p>Lorem Ipsum is simply dummy text of the printing and typesetting industry. Lorem Ipsum has been the industry&#39;s standard dummy text ever since the 1500s, when an unknown printer took a galley of type and scrambled it to make a type specimen book. It has survived not only five centuries, but also the leap into electronic typesetting, remaining essentially unchanged. It was popularised in the 1960s with the release of Letraset sheets containing Lorem Ipsum passages, and more recently with desktop publishing software like Aldus PageMaker including versions of Lorem Ipsum.</p>\r\n',1,'2015-04-17 00:00:00','2015-04-21 00:00:00',0,0),(13,5,'Payments','<div class=\"mar_t page-header pad_0\">\r\n<h1>Services,&nbsp;Pricing, Payments, and Refunds</h1>\r\n</div>\r\n\r\n<h2>Services</h2>\r\n\r\n<p>Poraapo.com does not sell any physical products like online ecommerce websites do. Poraapo.com only offers services such as software and technology consulting dealing with these topics: Higher Education, Health, Languages, Religions, Currencies, Income Inequality, Wealth Disparity, Governments, Public Money, Product Consumption, Service Consumption, and Commercial Transactions.&nbsp;</p>\r\n\r\n<h2>Pricing</h2>\r\n\r\n<p>Poraapo.com will charge INR 1,000 per month in service fee inclusive of service tax for basic services package which includes a number of benefits such as lower overall cost for attaining better higher education and health and&nbsp;wellness levels. Poraapo.com charges INR 1,000 per month in service fee inclusive of service tax to those who want to join our sociologically transforming projects dealing with Languages, Religions, Currencies, Income Inequality, Wealth Disparity, Governments, Public Money, Product Consumption, Service Consumption, and Commercial Transactions. Benefits provided include but are not limited to achieving the common objective of sociological transformation of our world. An invoice will be raised at the end of every month for the amount payable (INR 1,000) for the coming month. Customer may choose not to pay or to pay. Payments can be made to us as explained below. Our refund policy is also described below. &nbsp;</p>\r\n\r\n<h2>How should you pay us?</h2>\r\n\r\n<p>Poraapo.com prefers that you use a method of payment that would incur the lowest cost to you and to us. Always prefer to pay using secure payment gateway or a secure method. PayUmoney, CCAvenue, Paytm, PayPal-India, and PayPal-Global will be made available for you to pay. DO NOT pay us using Credit Cards, Indirect Payment Gateway Netbanking, American Express / JCB, Cash Cards, or PhonePay.&nbsp;</p>\r\n\r\n<h2>Payments made to us:</h2>\r\n\r\n<p>We prefer payments with Debit Cards using a payment gateway provider, Direct bank to bank Net banking - direct from your bank to our bank, or Direct Cash Deposit to our bank.</p>\r\n\r\n<h2>Discounts</h2>\r\n\r\n<h3><em>2%&nbsp;discount will be given if you pay us using Debit Cards through a secure payment gateway.&nbsp;</em></h3>\r\n\r\n<h3>5% discount will be given if you pay us using:</h3>\r\n\r\n<ol>\r\n	<li>Direct Net Banking - direct from your bank account to our bank account, or</li>\r\n	<li>Direct Cash Deposit to our bank account.</li>\r\n</ol>\r\n\r\n<h2>Cancellation and&nbsp;Refunds made to you:</h2>\r\n\r\n<p>All requests for cancellation of payments made to us&nbsp;have to be placed within 7 days from the date of purchase. Please note that no refunds shall be claimed or will be entertained after&nbsp;7 days from the date of Purchase.</p>\r\n\r\n<h3>Poraapo.com will always be happy to refund&nbsp;money due to you and see you get out!&nbsp;We do not want unhappy customers with us ever.</h3>\r\n\r\n<p>Any refunds due by Poraapo.com to you due to a Cancellation of an order&nbsp;will be returned in the following manner:</p>\r\n\r\n<p>(i) Credit Card / Debit Card: The credit card / debit card account of the registered User will be credited with the refund amount by Poraapo.com. The refund amount will be credited to your account within the time span stipulated by the bank which has issued the credit card / debit card; or</p>\r\n\r\n<p>(ii) Net Banking: The refund amount will only be returned to the account used by you while placing the order.</p>\r\n\r\n<p>(iii) Offline Payment (Cheque, DD, Bank Deposit, Cash at Counter): The refund mount will only be returned in the same way used by you&nbsp;while placing the order.</p>\r\n\r\n<p>We may suspend or cancel your registration at our reasonable discretion - but only after addressing all your queries and refunding any amounts due to you.&nbsp;</p>\r\n',1,'2015-04-17 00:00:00','2015-04-23 00:00:00',0,0),(14,5,'Contact','	<div class=\"mar_t page-header pad_0\">\r\n		<h1 id=\"forms\">Contact</h1>\r\n	</div>\r\n	<p>Lorem Ipsum is simply dummy text of the printing and typesetting industry. Lorem Ipsum has been the industry\'s standard dummy text ever since the 1500s, when an unknown printer took a galley of type and scrambled it to make a type specimen book. It has survived not only five centuries, but also the leap into electronic typesetting, remaining essentially unchanged. It was popularised in the 1960s with the release of Letraset sheets containing Lorem Ipsum passages, and more recently with desktop publishing software like Aldus PageMaker including versions of Lorem Ipsum.</p>\r\n	<h2>Heading1</h2>\r\n	<p>Lorem Ipsum is simply dummy text of the printing and typesetting industry. Lorem Ipsum has been the industry\'s standard dummy text ever since the 1500s, when an unknown printer took a galley of type and scrambled it to make a type specimen book. It has survived not only five centuries, but also the leap into electronic typesetting, remaining essentially unchanged. It was popularised in the 1960s with the release of Letraset sheets containing Lorem Ipsum passages, and more recently with desktop publishing software like Aldus PageMaker including versions of Lorem Ipsum.</p>\r\n	<h2>Heading2</h2>\r\n	<p>Lorem Ipsum is simply dummy text of the printing and typesetting industry. Lorem Ipsum has been the industry\'s standard dummy text ever since the 1500s, when an unknown printer took a galley of type and scrambled it to make a type specimen book. It has survived not only five centuries, but also the leap into electronic typesetting, remaining essentially unchanged. It was popularised in the 1960s with the release of Letraset sheets containing Lorem Ipsum passages, and more recently with desktop publishing software like Aldus PageMaker including versions of Lorem Ipsum.</p>\r\n	<h2>Heading3</h2>\r\n	<p>Lorem Ipsum is simply dummy text of the printing and typesetting industry. Lorem Ipsum has been the industry\'s standard dummy text ever since the 1500s, when an unknown printer took a galley of type and scrambled it to make a type specimen book. It has survived not only five centuries, but also the leap into electronic typesetting, remaining essentially unchanged. It was popularised in the 1960s with the release of Letraset sheets containing Lorem Ipsum passages, and more recently with desktop publishing software like Aldus PageMaker including versions of Lorem Ipsum.</p>\r\n	<h2>Heading4</h2>\r\n	<p>Lorem Ipsum is simply dummy text of the printing and typesetting industry. Lorem Ipsum has been the industry\'s standard dummy text ever since the 1500s, when an unknown printer took a galley of type and scrambled it to make a type specimen book. It has survived not only five centuries, but also the leap into electronic typesetting, remaining essentially unchanged. It was popularised in the 1960s with the release of Letraset sheets containing Lorem Ipsum passages, and more recently with desktop publishing software like Aldus PageMaker including versions of Lorem Ipsum.</p>\r\n',1,'2015-04-17 00:00:00','2015-04-17 00:00:00',0,0),(15,5,'Complaints and Grievance Redressal','<div class=\"mar_t page-header pad_0\">\r\n<h1>Complaints and&nbsp;Grievance Redressal</h1>\r\n</div>\r\n\r\n<h3>Poraapo.com strongly believes in a sincere and transparent approach to its users.</h3>\r\n\r\n<p>This policy document aims at minimizing instances of customer complaints, grievances and disappointments via channelized approach, review and redressal.&nbsp;</p>\r\n\r\n<p>Poraapo.com&rsquo;s policy on grievance redressal follows the under noted principles.</p>\r\n\r\n<p>Our users are to be treated fairly at all times.</p>\r\n\r\n<p>Complaints or concerns raised by users are dealt with an open mind, with courtesy and in a timely manner.<br />\r\n<br />\r\nUsers are informed about the channels to escalate their complaints, concerns and grievances within Poraapo.com and their rights if they are not satisfied with the resolution of their complaints.</p>\r\n\r\n<h3>Poraapo.com will take care of all complaints efficiently and fairly as they value each user.</h3>\r\n\r\n<p>All employees at Poraapo.com must work in good faith and without prejudice to the interests of the users.</p>\r\n\r\n<p>We understand that customer grievances can happen due to multiple reasons. It can be because of the gap between the promised service levels and the service levels actually offered. Since we are dealing with humans, a lot of grievances can arise due to the attitudinal and the way communication gets done. It can also happen due to the actual errors across the system.</p>\r\n\r\n<p>Users have complete authority to file a complaint/ share feedback if they are disappointed by services rendered by Poraapo.com. They can give their complaint/ feedback in writing, email, or on Poraapo.com. If user&rsquo;s dilemma is not resolved within the given time or if they are not satisfied with the solution provided by Poraapo.com, they can approach our tiered redressal system with their complaint or other legal avenues available for grievance redressal.</p>\r\n\r\n<p>In order to make Poraapo.com redressal channels more meaningful and effective, a structured system has been put in place. This system will ensure that the complaints are redressed seamlessly and well within the stipulated timeframe.</p>\r\n\r\n<h3>Awareness of Grievance Redressal System</h3>\r\n\r\n<p>At Poraapo.com, the users&rsquo; experience is what we deliberate and focus on. This is why we listen and take the time to know our users and take their concerns seriously. Going skin-deep to analyze and scrutinize, how you would feel from the time you step-in to Poraapo.com.com till the time you&rsquo;re done, helps us evolve and enhance our services. If a user has found our experience simple and incredible we know we are doing something worthy. However, when a user is concerned or has complaints we do everything we can to fix it and make it right.</p>\r\n\r\n<h3>Sensitizing staff on handling complaints</h3>\r\n\r\n<p>Our staff undergoes regular training to ensure that consumers queries and grievances are handled properly. They are encouraged to work in a manner which helps us in building the consumer trust and confidence. This reflects in both the operations as well as the customer communications. Top reasons behind the consumer queries are analysed and worked upon in a way which aims at removal of these reasons from the root. This helps in improving the overall quality of the service levels gradually.</p>\r\n\r\n<h3>How to reach Poraapo.com</h3>\r\n\r\n<p>For all Issues</p>\r\n\r\n<p>Level 1:<br />\r\nYou can write to us at service@poraapo.com.&nbsp;You can go to Poraapo.com and click Contact Us to submit your query.</p>\r\n\r\n<p>Level 2:<br />\r\nIf the resolution you received does not meet your expectations, please write to us at grievances@poraapo.com</p>\r\n',1,'2015-04-17 00:00:00','2015-04-21 00:00:00',0,0),(16,4,'News channels','<p>Over last decade, 24X7 news channels have become common in india. They have to show a lot content all the time and are in the race for TRPs.</p>\r\n',1,'2015-04-18 00:00:00','2015-04-25 00:00:00',7,0),(18,8,'is hyphenated working?','<p>testing hyphenated url</p>\r\n',1,'2015-04-18 00:00:00','2015-04-20 00:00:00',0,0),(19,9,'Health issue','<p>Lorem Ipsum is simply dummy text of the\r\n printing and typesetting industry. \r\nLorem Ipsum has been the industry\'s standard dummy \r\ntext ever since the 1500s, when an unknown printer took \r\na galley of type and scrambled it to make a type specimen book. \r\nIt has survived not only five centuries, but also the leap into \r\nelectronic typesetting, remaining essentially unchanged. \r\nIt was popularised in the 1960s with the release of Letraset sheets containing Lorem Ipsum passages, and more recently with desktop\r\n publishing software like Aldus PageM\r\naker including versions of Lorem Ipsum.</p>\r\n',1,'2015-04-19 00:00:00','2015-04-25 00:00:00',3,0);

/*Table structure for table `tbl_likes` */

DROP TABLE IF EXISTS `tbl_likes`;

CREATE TABLE `tbl_likes` (
  `liked_id` int(10) NOT NULL AUTO_INCREMENT,
  `liked_from` int(25) DEFAULT NULL COMMENT 'logged user id',
  `issue_id` int(150) DEFAULT NULL,
  `status` smallint(5) DEFAULT NULL,
  `created_at` datetime DEFAULT NULL,
  `modified_at` datetime DEFAULT NULL,
  `like_value` tinyint(4) DEFAULT NULL,
  PRIMARY KEY (`liked_id`)
) ENGINE=InnoDB AUTO_INCREMENT=40 DEFAULT CHARSET=latin1;

/*Data for the table `tbl_likes` */

insert  into `tbl_likes`(`liked_id`,`liked_from`,`issue_id`,`status`,`created_at`,`modified_at`,`like_value`) values (1,17,4,1,'2015-04-17 00:00:00','2015-04-17 00:00:00',1),(2,17,3,1,'2015-04-18 00:00:00','2015-04-18 00:00:00',1),(3,17,2,1,'2015-04-18 00:00:00','2015-04-18 00:00:00',1),(4,13,17,1,'2015-04-18 00:00:00','2015-04-18 00:00:00',1),(5,17,1,1,'2015-04-18 00:00:00','2015-04-18 00:00:00',1),(6,17,16,1,'2015-04-18 00:00:00','2015-04-18 00:00:00',1),(7,17,5,1,'2015-04-18 00:00:00','2015-04-18 00:00:00',1),(8,13,16,1,'2015-04-18 00:00:00','2015-04-18 00:00:00',1),(9,13,5,1,'2015-04-18 00:00:00','2015-04-18 00:00:00',1),(10,13,2,1,'2015-04-18 00:00:00','2015-04-18 00:00:00',0),(11,13,4,1,'2015-04-18 00:00:00','2015-04-18 00:00:00',1),(12,13,3,1,'2015-04-18 00:00:00','2015-04-18 00:00:00',0),(13,13,1,1,'2015-04-18 00:00:00','2015-04-18 00:00:00',1),(14,13,18,1,'2015-04-18 00:00:00','2015-04-18 00:00:00',0),(15,17,18,1,'2015-04-19 00:00:00','2015-04-19 00:00:00',0),(16,19,19,1,'2015-04-20 00:00:00','2015-04-20 00:00:00',1),(17,19,16,1,'2015-04-20 00:00:00','2015-04-20 00:00:00',1),(18,NULL,4,1,'2015-04-20 00:00:00','2015-04-20 00:00:00',1),(19,15,19,1,'2015-04-21 00:00:00','2015-04-21 00:00:00',0),(20,21,16,1,'2015-04-21 00:00:00','2015-04-21 00:00:00',1),(21,29,16,1,'2015-04-21 00:00:00','2015-04-21 00:00:00',1),(22,28,19,1,'2015-04-21 00:00:00','2015-04-21 00:00:00',1),(23,38,3,1,'2015-04-21 00:00:00','2015-04-21 00:00:00',1),(24,NULL,19,1,'2015-04-21 00:00:00','2015-04-21 00:00:00',1),(25,NULL,19,1,'2015-04-21 00:00:00','2015-04-21 00:00:00',1),(26,NULL,16,1,'2015-04-21 00:00:00','2015-04-21 00:00:00',1),(27,NULL,5,1,'2015-04-21 00:00:00','2015-04-21 00:00:00',1),(28,NULL,3,1,'2015-04-21 00:00:00','2015-04-21 00:00:00',1),(29,NULL,19,1,'2015-04-21 00:00:00','2015-04-21 00:00:00',1),(30,NULL,16,1,'2015-04-21 00:00:00','2015-04-21 00:00:00',1),(31,NULL,16,1,'2015-04-21 00:00:00','2015-04-21 00:00:00',0),(32,NULL,16,1,'2015-04-21 00:00:00','2015-04-21 00:00:00',1),(33,31,19,1,'2015-04-21 00:00:00','2015-04-21 00:00:00',0),(34,31,16,1,'2015-04-21 00:00:00','2015-04-21 00:00:00',0),(35,NULL,NULL,1,'2015-04-24 00:00:00','2015-04-24 00:00:00',NULL),(36,NULL,19,1,'2015-04-25 00:00:00','2015-04-25 00:00:00',1),(37,NULL,16,1,'2015-04-25 00:00:00','2015-04-25 00:00:00',1),(38,NULL,5,1,'2015-04-25 00:00:00','2015-04-25 00:00:00',1),(39,NULL,4,1,'2015-04-25 00:00:00','2015-04-25 00:00:00',1);

/*Table structure for table `tbl_masters_degree` */

DROP TABLE IF EXISTS `tbl_masters_degree`;

CREATE TABLE `tbl_masters_degree` (
  `masters_degree_id` int(10) NOT NULL AUTO_INCREMENT,
  `mas_degree_name` varchar(150) DEFAULT NULL,
  `status` smallint(5) DEFAULT NULL,
  `created_at` datetime DEFAULT NULL,
  `modified_at` datetime DEFAULT NULL,
  PRIMARY KEY (`masters_degree_id`)
) ENGINE=InnoDB AUTO_INCREMENT=6 DEFAULT CHARSET=latin1;

/*Data for the table `tbl_masters_degree` */

insert  into `tbl_masters_degree`(`masters_degree_id`,`mas_degree_name`,`status`,`created_at`,`modified_at`) values (1,'MCA',1,'2015-04-17 19:40:06','2015-04-17 19:40:10'),(2,'MTECH',1,'2015-04-17 19:40:21','2015-04-17 19:40:23'),(3,'MPhil',1,'2015-04-17 19:40:39','2015-04-17 19:40:42'),(4,'MSC',1,'2015-04-17 19:40:55','2015-04-17 19:40:57'),(5,'MBA',1,'2015-04-17 19:41:06','2015-04-17 19:41:08');

/*Table structure for table `tbl_shares` */

DROP TABLE IF EXISTS `tbl_shares`;

CREATE TABLE `tbl_shares` (
  `shared_id` int(15) NOT NULL AUTO_INCREMENT,
  `shared_from_email` text COMMENT 'Logged user id',
  `issue_id` int(13) DEFAULT NULL,
  `shared_to_email` text,
  `shared_message` text,
  `status` tinyint(4) DEFAULT '1',
  `created_at` datetime DEFAULT NULL,
  `modified_at` datetime DEFAULT NULL,
  PRIMARY KEY (`shared_id`)
) ENGINE=InnoDB AUTO_INCREMENT=24 DEFAULT CHARSET=latin1;

/*Data for the table `tbl_shares` */

insert  into `tbl_shares`(`shared_id`,`shared_from_email`,`issue_id`,`shared_to_email`,`shared_message`,`status`,`created_at`,`modified_at`) values (16,'bhargava.aapthi@gmail.com',4,'dileepkumarkonda@gmail.com','my message',1,'2015-04-17 00:00:00','2015-04-17 00:00:00'),(17,'bhargava.aapthi@gmail.com',5,'gsreedhara@gmail.com','my testing message',1,'2015-04-17 00:00:00','2015-04-17 00:00:00'),(18,NULL,NULL,NULL,NULL,1,'2015-04-18 00:00:00','2015-04-18 00:00:00'),(19,'bhargava.aapthi@gmail.com',5,'dileepkumarkonda@gmail.com','movies category testing',1,'2015-04-18 00:00:00','2015-04-18 00:00:00'),(20,'admin@gmail.com',17,'bjp.murali.krishna@gmail.com','It is okay',1,'2015-04-18 00:00:00','2015-04-18 00:00:00'),(21,NULL,NULL,NULL,NULL,1,'2015-04-19 00:00:00','2015-04-19 00:00:00'),(22,NULL,NULL,NULL,NULL,1,'2015-04-24 00:00:00','2015-04-24 00:00:00'),(23,NULL,NULL,NULL,NULL,1,'2015-04-24 00:00:00','2015-04-24 00:00:00');

/*Table structure for table `tbl_specialization` */

DROP TABLE IF EXISTS `tbl_specialization`;

CREATE TABLE `tbl_specialization` (
  `specialined_id` int(10) NOT NULL AUTO_INCREMENT,
  `specialined_name` varchar(150) DEFAULT NULL,
  `status` smallint(5) DEFAULT NULL,
  `created_at` datetime DEFAULT NULL,
  `modified_at` datetime DEFAULT NULL,
  PRIMARY KEY (`specialined_id`)
) ENGINE=InnoDB AUTO_INCREMENT=16 DEFAULT CHARSET=latin1;

/*Data for the table `tbl_specialization` */

insert  into `tbl_specialization`(`specialined_id`,`specialined_name`,`status`,`created_at`,`modified_at`) values (1,'Medicine',1,'0000-00-00 00:00:00','0000-00-00 00:00:00'),(2,'Engineering and Technology',1,'0000-00-00 00:00:00','0000-00-00 00:00:00'),(3,'Law',1,'0000-00-00 00:00:00','0000-00-00 00:00:00'),(4,'Pharmacy',1,'0000-00-00 00:00:00','0000-00-00 00:00:00'),(6,'Other Specialization',1,'0000-00-00 00:00:00','0000-00-00 00:00:00');

/*Table structure for table `tbl_states` */

DROP TABLE IF EXISTS `tbl_states`;

CREATE TABLE `tbl_states` (
  `state_id` bigint(20) NOT NULL AUTO_INCREMENT,
  `state_name` varchar(255) DEFAULT NULL,
  `id_countries` bigint(20) DEFAULT NULL,
  `status` smallint(5) DEFAULT NULL,
  PRIMARY KEY (`state_id`),
  KEY `idx_ts_ci` (`id_countries`)
) ENGINE=InnoDB AUTO_INCREMENT=323 DEFAULT CHARSET=utf8;

/*Data for the table `tbl_states` */

insert  into `tbl_states`(`state_id`,`state_name`,`id_countries`,`status`) values (1,'Andaman and Nicobar Islands',97,1),(2,'Andhra Pradesh',97,1),(3,'Arunachal Pradesh',97,1),(4,'Assam',97,1),(5,'Bihar',97,1),(6,'Chandigarh',97,1),(7,'Chhattisgarh',97,1),(8,'Dadra and Nagar Haveli',97,1),(9,'Daman and Diu',97,1),(10,'Delhi',97,1),(11,'Goa',97,1),(12,'Gujarat',97,1),(13,'Haryana',97,1),(14,'Himachal Pradesh',97,1),(15,'Jammu and Kashmir',97,1),(16,'Jharkhand',97,1),(17,'Karnataka',97,1),(18,'Kerala',97,1),(19,'Lakshadweep',97,1),(20,'Madhya Pradesh',97,1),(21,'Maharashtra',97,1),(22,'Manipur?',97,1),(23,'Meghalaya',97,1),(24,'Mizoram',97,1),(25,'Nagaland',97,1),(26,'Odisha',97,1),(27,'Puducherry',97,1),(28,'Punjab',97,1),(29,'Rajasthan',97,1),(30,'Sikkim',97,1),(31,'Tamil Nadu',97,1),(32,'Telangana',97,1),(33,'Tripura',97,1),(34,'Uttar Pradesh',97,1),(35,'Uttarakhand',97,1),(36,'West Bengal',97,1),(37,'Alabama',224,1),(38,'Alaska',224,1),(39,'Arizona',224,1),(40,'Arkansas',224,1),(41,'California',224,1),(42,'Colorado',224,1),(43,'Connecticut',224,1),(44,'Delaware',224,1),(45,'District of Columbia',224,1),(46,'Florida',224,1),(47,'Georgia',224,1),(48,'Hawaii',224,1),(49,'Idaho',224,1),(50,'Illinois',224,1),(51,'Indiana',224,1),(52,'Iowa',224,1),(53,'Kansas',224,1),(54,'Kentucky',224,1),(55,'Louisiana',224,1),(56,'Maine',224,1),(57,'Maryland',224,1),(58,'Massachusetts',224,1),(59,'Michigan',224,1),(60,'Minnesota',224,1),(61,'Mississippi',224,1),(62,'Missouri',224,1),(63,'Montana',224,1),(64,'Nebraska',224,1),(65,'Nevada',224,1),(66,'New Hampshire',224,1),(67,'New Jersey',224,1),(68,'New Mexico',224,1),(69,'New York',224,1),(70,'North Carolina',224,1),(71,'North Dakota',224,1),(72,'Ohio',224,1),(73,'Oklahoma',224,1),(74,'Oregon',224,1),(75,'Pennsylvania',224,1),(76,'Rhode Island',224,1),(77,'South Carolina',224,1),(78,'South Dakota',224,1),(79,'Tennessee',224,1),(80,'Texas',224,1),(81,'Utah',224,1),(82,'Vermont',224,1),(83,'Virginia',224,1),(84,'Washington',224,1),(85,'West Virginia',224,1),(86,'Wisconsin',224,1),(87,'Wyoming',224,1),(88,'My State',1,1),(89,'My State',2,1),(90,'My State',3,1),(91,'My State',4,1),(92,'My State',5,1),(93,'My State',6,1),(94,'My State',7,1),(95,'My State',8,1),(96,'My State',9,1),(97,'My State',10,1),(98,'My State',11,1),(99,'My State',12,1),(100,'My State',13,1),(101,'My State',14,1),(102,'My State',15,1),(103,'My State',16,1),(104,'My State',17,1),(105,'My State',18,1),(106,'My State',19,1),(107,'My State',20,1),(108,'My State',21,1),(109,'My State',22,1),(110,'My State',23,1),(111,'My State',24,1),(112,'My State',25,1),(113,'My State',26,1),(114,'My State',27,1),(115,'My State',28,1),(116,'My State',29,1),(117,'My State',30,1),(118,'My State',31,1),(119,'My State',32,1),(120,'My State',33,1),(121,'My State',34,1),(122,'My State',35,1),(123,'My State',36,1),(124,'My State',37,1),(125,'My State',38,1),(126,'My State',39,1),(127,'My State',40,1),(128,'My State',41,1),(129,'My State',42,1),(130,'My State',43,1),(131,'My State',44,1),(132,'My State',45,1),(133,'My State',46,1),(134,'My State',47,1),(135,'My State',48,1),(136,'My State',49,1),(137,'My State',50,1),(138,'My State',51,1),(139,'My State',52,1),(140,'My State',53,1),(141,'My State',54,1),(142,'My State',55,1),(143,'My State',56,1),(144,'My State',57,1),(145,'My State',58,1),(146,'My State',59,1),(147,'My State',60,1),(148,'My State',61,1),(149,'My State',62,1),(150,'My State',63,1),(151,'My State',64,1),(152,'My State',65,1),(153,'My State',66,1),(154,'My State',67,1),(155,'My State',68,1),(156,'My State',69,1),(157,'My State',70,1),(158,'My State',71,1),(159,'My State',72,1),(160,'My State',73,1),(161,'My State',74,1),(162,'My State',75,1),(163,'My State',76,1),(164,'My State',77,1),(165,'My State',78,1),(166,'My State',79,1),(167,'My State',80,1),(168,'My State',81,1),(169,'My State',82,1),(170,'My State',83,1),(171,'My State',84,1),(172,'My State',85,1),(173,'My State',86,1),(174,'My State',87,1),(175,'My State',88,1),(176,'My State',89,1),(177,'My State',90,1),(178,'My State',91,1),(179,'My State',92,1),(180,'My State',93,1),(181,'My State',94,1),(182,'My State',95,1),(183,'My State',96,1),(184,'My State',98,1),(185,'My State',99,1),(186,'My State',100,1),(187,'My State',101,1),(188,'My State',102,1),(189,'My State',103,1),(190,'My State',104,1),(191,'My State',105,1),(192,'My State',106,1),(193,'My State',107,1),(194,'My State',108,1),(195,'My State',109,1),(196,'My State',110,1),(197,'My State',111,1),(198,'My State',112,1),(199,'My State',113,1),(200,'My State',114,1),(201,'My State',115,1),(202,'My State',116,1),(203,'My State',117,1),(204,'My State',118,1),(205,'My State',119,1),(206,'My State',120,1),(207,'My State',121,1),(208,'My State',122,1),(209,'My State',123,1),(210,'My State',124,1),(211,'My State',125,1),(212,'My State',126,1),(213,'My State',127,1),(214,'My State',128,1),(215,'My State',129,1),(216,'My State',130,1),(217,'My State',131,1),(218,'My State',132,1),(219,'My State',133,1),(220,'My State',134,1),(221,'My State',135,1),(222,'My State',136,1),(223,'My State',137,1),(224,'My State',138,1),(225,'My State',139,1),(226,'My State',140,1),(227,'My State',141,1),(228,'My State',142,1),(229,'My State',143,1),(230,'My State',144,1),(231,'My State',145,1),(232,'My State',146,1),(233,'My State',147,1),(234,'My State',148,1),(235,'My State',149,1),(236,'My State',150,1),(237,'My State',151,1),(238,'My State',152,1),(239,'My State',153,1),(240,'My State',154,1),(241,'My State',155,1),(242,'My State',156,1),(243,'My State',157,1),(244,'My State',158,1),(245,'My State',159,1),(246,'My State',160,1),(247,'My State',161,1),(248,'My State',162,1),(249,'My State',163,1),(250,'My State',164,1),(251,'My State',165,1),(252,'My State',166,1),(253,'My State',167,1),(254,'My State',168,1),(255,'My State',169,1),(256,'My State',170,1),(257,'My State',171,1),(258,'My State',172,1),(259,'My State',173,1),(260,'My State',174,1),(261,'My State',175,1),(262,'My State',176,1),(263,'My State',177,1),(264,'My State',178,1),(265,'My State',179,1),(266,'My State',180,1),(267,'My State',181,1),(268,'My State',182,1),(269,'My State',183,1),(270,'My State',184,1),(271,'My State',185,1),(272,'My State',186,1),(273,'My State',187,1),(274,'My State',188,1),(275,'My State',189,1),(276,'My State',190,1),(277,'My State',191,1),(278,'My State',192,1),(279,'My State',193,1),(280,'My State',194,1),(281,'My State',195,1),(282,'My State',196,1),(283,'My State',197,1),(284,'My State',198,1),(285,'My State',199,1),(286,'My State',200,1),(287,'My State',201,1),(288,'My State',202,1),(289,'My State',203,1),(290,'My State',204,1),(291,'My State',205,1),(292,'My State',206,1),(293,'My State',207,1),(294,'My State',208,1),(295,'My State',209,1),(296,'My State',210,1),(297,'My State',211,1),(298,'My State',212,1),(299,'My State',213,1),(300,'My State',214,1),(301,'My State',215,1),(302,'My State',216,1),(303,'My State',217,1),(304,'My State',218,1),(305,'My State',219,1),(306,'My State',220,1),(307,'My State',221,1),(308,'My State',222,1),(309,'My State',223,1),(310,'My State',225,1),(311,'My State',226,1),(312,'My State',227,1),(313,'My State',228,1),(314,'My State',229,1),(315,'My State',230,1),(316,'My State',231,1),(317,'My State',232,1),(318,'My State',233,1),(319,'My State',234,1),(320,'My State',235,1),(321,'My State',236,1),(322,'My State',237,1);

/*Table structure for table `tbl_universities` */

DROP TABLE IF EXISTS `tbl_universities`;

CREATE TABLE `tbl_universities` (
  `unversity_id` int(10) NOT NULL AUTO_INCREMENT,
  `id_countries` int(10) DEFAULT NULL,
  `specialined_id` int(10) DEFAULT NULL,
  `unversity_name` varchar(150) DEFAULT NULL,
  `status` smallint(5) DEFAULT NULL,
  `created_at` datetime DEFAULT NULL,
  `modified_at` datetime DEFAULT NULL,
  PRIMARY KEY (`unversity_id`)
) ENGINE=InnoDB AUTO_INCREMENT=5 DEFAULT CHARSET=latin1;

/*Data for the table `tbl_universities` */

insert  into `tbl_universities`(`unversity_id`,`id_countries`,`specialined_id`,`unversity_name`,`status`,`created_at`,`modified_at`) values (1,NULL,NULL,'Andhara',1,'2015-04-17 19:37:23','2015-04-17 19:37:26'),(2,NULL,NULL,'OU',1,'2015-04-17 19:37:37','2015-04-17 19:37:39'),(3,NULL,NULL,'JNTU',1,'2015-04-17 19:37:54','2015-04-17 19:37:57'),(4,NULL,NULL,'Kakatiya',NULL,NULL,NULL);

/*Table structure for table `tbl_user_education_info` */

DROP TABLE IF EXISTS `tbl_user_education_info`;

CREATE TABLE `tbl_user_education_info` (
  `education_info_id` int(10) NOT NULL AUTO_INCREMENT,
  `user_id` int(150) DEFAULT NULL,
  `id_countries_school` int(10) DEFAULT NULL,
  `college_name` varchar(150) DEFAULT NULL,
  `principal_name` varchar(150) DEFAULT NULL,
  `principal_phone_num` varchar(150) DEFAULT NULL,
  `principal_email_id` varchar(150) DEFAULT NULL,
  `entrance_exam` varchar(150) DEFAULT NULL,
  `which_year` varchar(150) DEFAULT NULL,
  `entrance_rank` varchar(150) DEFAULT NULL,
  `entrance_exam_1` varchar(150) DEFAULT NULL,
  `which_year_1` varchar(150) DEFAULT NULL,
  `entrance_rank_1` varchar(150) DEFAULT NULL,
  `entrance_exam_2` varchar(150) DEFAULT NULL,
  `which_year_2` varchar(150) DEFAULT NULL,
  `entrance_rank_2` varchar(150) DEFAULT NULL,
  `entrance_exam_3` varchar(150) DEFAULT NULL,
  `which_year_3` varchar(150) DEFAULT NULL,
  `entrance_rank_3` varchar(150) DEFAULT NULL,
  `id_countries_bachelors` int(10) DEFAULT NULL,
  `bachelors_degree_name` varchar(150) DEFAULT NULL,
  `bachelors_university_name` varchar(150) DEFAULT NULL,
  `bachelors_college` varchar(150) DEFAULT NULL,
  `bachelors_specialization` varchar(150) DEFAULT NULL,
  `bachelors_year_admission` varchar(150) DEFAULT NULL,
  `id_countries_masters` int(10) DEFAULT NULL,
  `masters_degree` varchar(150) DEFAULT NULL,
  `masters_university` varchar(150) DEFAULT NULL,
  `masters_college` varchar(150) DEFAULT NULL,
  `masters_specialization` varchar(150) DEFAULT NULL,
  `masters_year_admission` varchar(150) DEFAULT NULL,
  `id_countries_phd` int(10) DEFAULT NULL,
  `doctorate_name` varchar(150) DEFAULT NULL,
  `doctorate_college` varchar(150) DEFAULT NULL,
  `doctorate_university` varchar(150) DEFAULT NULL,
  `doctorate_specialization` varchar(150) DEFAULT NULL,
  `doctorate_year` varchar(150) DEFAULT NULL,
  `modified_at` datetime DEFAULT NULL,
  PRIMARY KEY (`education_info_id`)
) ENGINE=InnoDB AUTO_INCREMENT=36 DEFAULT CHARSET=latin1;

/*Data for the table `tbl_user_education_info` */

insert  into `tbl_user_education_info`(`education_info_id`,`user_id`,`id_countries_school`,`college_name`,`principal_name`,`principal_phone_num`,`principal_email_id`,`entrance_exam`,`which_year`,`entrance_rank`,`entrance_exam_1`,`which_year_1`,`entrance_rank_1`,`entrance_exam_2`,`which_year_2`,`entrance_rank_2`,`entrance_exam_3`,`which_year_3`,`entrance_rank_3`,`id_countries_bachelors`,`bachelors_degree_name`,`bachelors_university_name`,`bachelors_college`,`bachelors_specialization`,`bachelors_year_admission`,`id_countries_masters`,`masters_degree`,`masters_university`,`masters_college`,`masters_specialization`,`masters_year_admission`,`id_countries_phd`,`doctorate_name`,`doctorate_college`,`doctorate_university`,`doctorate_specialization`,`doctorate_year`,`modified_at`) values (23,28,NULL,'1','Princiapal Name','8500555','dkoda@aapthitech.com','1','1960','789456','','','','','','',NULL,NULL,NULL,NULL,'1','2','1','1','1975',NULL,'2','1','2','1','1977',NULL,'phD','1','1','1','1977','2015-04-21 09:05:38'),(24,29,NULL,'','','','','','2009','2432435','','','','','','',NULL,NULL,NULL,NULL,'','','','','',NULL,'','','','','',NULL,'','','','','','2015-04-21 23:46:36'),(25,30,NULL,'','','','','1','1977','345456','','','','','','',NULL,NULL,NULL,NULL,'','','','','',NULL,'','','','','',NULL,'','','','','','2015-04-21 07:41:10'),(26,31,NULL,'1','522329','99999999999999','55555555','1','1978','45632','','','','','','',NULL,NULL,NULL,NULL,'','','','','',NULL,'','','','','',NULL,'','','','','','2015-04-21 12:31:12'),(28,33,NULL,'1','ddd','dd','ddd','1','1977','123123','','','','','','',NULL,NULL,NULL,NULL,'','','','','',NULL,'','','','','',NULL,'','','','','','2015-04-21 08:08:37'),(29,34,NULL,'1','423423','23423','423423','1','1960','4324','','','','','','',NULL,NULL,NULL,NULL,'1','2','1','1','1960',NULL,'','','','','',NULL,'','','','','','2015-04-21 08:14:40'),(30,35,NULL,'1','Princiapal Name','85555','d@gmail.com','1','1977','312312','','','','','','',NULL,NULL,NULL,NULL,'1','1','1','2','1961',NULL,'','','','','',NULL,'','','','','','2015-04-21 08:58:39'),(31,36,NULL,'1','Principal','9988567485','prince@gmail.com','1','1961','1','1','1972','1','1','1975','1',NULL,NULL,NULL,NULL,'1','3','1','1','1976',NULL,'','','','','',NULL,'','','','','','2015-04-21 08:31:31'),(32,37,NULL,'1','chari','9436430643','s@gmail.com','36','1960','75757527','','','','','','',NULL,NULL,NULL,NULL,'1','1','1','2','1977',NULL,'1','1','1','1','1978',NULL,'phd','1','1','1','1961','2015-04-21 08:57:22'),(33,38,NULL,'','','','','115','1960','9','','','','','','',NULL,NULL,NULL,NULL,'','','','','',NULL,'','','','','',NULL,'','','','','','2015-04-21 09:46:49'),(34,29,NULL,'','','','','','2009','2432435','','','','','','',NULL,NULL,NULL,NULL,'','','','','',NULL,'','','','','',NULL,'','','','','','2015-04-22 00:25:18'),(35,39,NULL,'1','99','66','77','35','1962','66','','','','','','',NULL,NULL,NULL,NULL,'','','','','',NULL,'','','','','',NULL,'','','','','','2015-04-24 22:19:18');

/*Table structure for table `tbl_user_personal_info` */

DROP TABLE IF EXISTS `tbl_user_personal_info`;

CREATE TABLE `tbl_user_personal_info` (
  `detailed_id` int(10) NOT NULL AUTO_INCREMENT,
  `user_id` int(150) DEFAULT NULL,
  `first_name` varchar(150) DEFAULT NULL,
  `last_name` varchar(150) DEFAULT NULL,
  `gender` varchar(150) DEFAULT NULL,
  `date_of_birth` varchar(150) DEFAULT NULL,
  `mobile_number` varchar(50) DEFAULT NULL,
  `id_countries_birth` int(150) DEFAULT NULL,
  `state_id` int(150) DEFAULT NULL,
  `district_id` int(150) DEFAULT NULL,
  `parents_name` varchar(150) DEFAULT NULL,
  `user_parent_lastname` varchar(150) DEFAULT NULL,
  `p_phone_number` varchar(150) DEFAULT NULL,
  `p_email_id` varchar(150) DEFAULT NULL,
  `p_address` text,
  `p_pincode` varchar(25) DEFAULT NULL,
  `permanent_address` text,
  `permant_pincode` varchar(25) DEFAULT NULL,
  `annual_family_income` varchar(150) DEFAULT NULL,
  `family_net_worth` varchar(150) DEFAULT NULL,
  `id_countries_job` int(15) DEFAULT NULL,
  `employee_ctc` varchar(150) DEFAULT NULL,
  `company_website` varchar(150) DEFAULT NULL,
  `modified_at` datetime DEFAULT NULL,
  PRIMARY KEY (`detailed_id`)
) ENGINE=InnoDB AUTO_INCREMENT=38 DEFAULT CHARSET=latin1;

/*Data for the table `tbl_user_personal_info` */

insert  into `tbl_user_personal_info`(`detailed_id`,`user_id`,`first_name`,`last_name`,`gender`,`date_of_birth`,`mobile_number`,`id_countries_birth`,`state_id`,`district_id`,`parents_name`,`user_parent_lastname`,`p_phone_number`,`p_email_id`,`p_address`,`p_pincode`,`permanent_address`,`permant_pincode`,`annual_family_income`,`family_net_worth`,`id_countries_job`,`employee_ctc`,`company_website`,`modified_at`) values (25,28,'Dileep','Kumar','Male','5/10/1987','8500222765',1,2,1,'Parent First Name','Parent Last Name','8500222765','d@gmail.com',NULL,'85858585',NULL,'58585','8582825','8558455556',NULL,'',NULL,'2015-04-21 09:05:38'),(26,29,'Siva Reddy','Muthuru','Male','1/5/1992','8686151775',1,0,0,'Msvr','','','',NULL,'',NULL,'','','',NULL,'120000',NULL,'2015-04-21 23:46:36'),(27,30,'siva','kumar','Male','5/4/1973','sdfdsf',1,0,0,'','','','',NULL,'',NULL,'','','',NULL,'3435',NULL,'2015-04-21 07:41:10'),(28,31,'Samarasa','Yalavarthy','Male','10/12/1988','9908085650',1,2,4,'Stankababu','Yalavarthi','9908085654','stankababu@gmail.com',NULL,'522329',NULL,'522329','50000','4',NULL,'10000',NULL,'2015-04-21 12:31:12'),(30,33,'First Name','Last name','Male','5/10/1988','8500222765',1,2,1,'Parent First name','Parent Last name','850222765','d@gmail.com',NULL,'85515',NULL,'5455','45445','54545',NULL,'',NULL,'2015-04-21 08:08:37'),(31,34,'sadas','asdasd','Female','1/1/1961','fdfds',97,1,54,'fsdf','sdfsdf','sdfsdf','sdfsd',NULL,'sdf',NULL,'fsd','fsdf','sdfsd',NULL,'',NULL,'2015-04-21 08:14:40'),(32,35,'First Name','Last Name','Male','5/10/1987','8522222',97,2,1,'Parent First Name','Parent Last Name','8500222','d@gmail.com',NULL,'888888',NULL,'888888','8888','8',NULL,'1500',NULL,'2015-04-21 08:58:39'),(33,36,'Pratap','Jajjara','Male','13/7/1984','9393815667',97,2,1,'Jajjara','Raghavarao','9988568745','raghava@gmail.com',NULL,'523211',NULL,'562355','10000','5',NULL,'10000',NULL,'2015-04-21 08:31:31'),(34,37,'siva','reddy','Male','16/2/1978','8686151775',97,2,1,'mvsr','mn','8686151775','siva@gmail.com',NULL,'516172',NULL,'516172','2000','3000',NULL,'',NULL,'2015-04-21 08:57:22'),(35,38,'Murali','Krishna','Female','19/2/1976','99',15,0,0,'','','','',NULL,'',NULL,'','','',NULL,'88',NULL,'2015-04-21 09:46:49'),(36,29,'Venkata Siva ','Muthuru','Male','1/5/1992','8686151775',1,0,0,'Msvr','','','',NULL,'',NULL,'','','',NULL,'120000',NULL,'2015-04-22 00:25:18'),(37,39,'User1','User1','Female','19/3/1977','88',97,2,1,'99','55','88','33',NULL,'66',NULL,'77','88','88',NULL,'',NULL,'2015-04-24 22:19:18');

/*Table structure for table `tbl_user_type` */

DROP TABLE IF EXISTS `tbl_user_type`;

CREATE TABLE `tbl_user_type` (
  `user_type_id` int(10) NOT NULL AUTO_INCREMENT COMMENT 'User Type Id',
  `user_type_name` varchar(150) DEFAULT NULL COMMENT 'Types of users using this app.',
  `status` smallint(5) DEFAULT NULL COMMENT 'Status',
  PRIMARY KEY (`user_type_id`)
) ENGINE=InnoDB AUTO_INCREMENT=5 DEFAULT CHARSET=latin1;

/*Data for the table `tbl_user_type` */

insert  into `tbl_user_type`(`user_type_id`,`user_type_name`,`status`) values (1,'High School Grade 12 Student',1),(2,'Employed and Reformer',1),(3,'University-College Student',1),(4,'admin',1);

/*Table structure for table `tbl_users` */

DROP TABLE IF EXISTS `tbl_users`;

CREATE TABLE `tbl_users` (
  `user_id` int(10) NOT NULL AUTO_INCREMENT COMMENT 'User id',
  `user_type_id` int(10) DEFAULT NULL COMMENT 'User Type Id',
  `user_name` varchar(150) DEFAULT NULL COMMENT 'User name',
  `email_id` varchar(150) DEFAULT NULL COMMENT 'Email',
  `password` varchar(150) DEFAULT NULL COMMENT 'Password',
  `created_at` datetime DEFAULT NULL COMMENT 'Created date and time',
  `status` smallint(5) DEFAULT NULL COMMENT 'status',
  PRIMARY KEY (`user_id`)
) ENGINE=InnoDB AUTO_INCREMENT=40 DEFAULT CHARSET=latin1;

/*Data for the table `tbl_users` */

insert  into `tbl_users`(`user_id`,`user_type_id`,`user_name`,`email_id`,`password`,`created_at`,`status`) values (13,4,'Admin','admin@gmail.com','21232f297a57a5a743894a0e4a801fc3','2015-04-17 17:51:10',1),(28,1,NULL,'dileepkumarkonda@gmail.com','ea452f3b31ac158c119a0b295740d63e','2015-04-21 07:04:37',1),(29,2,NULL,'sivareddybtech@gmail.com','1955b38f13116a57e4de2134a139d139','2015-04-21 07:06:56',1),(30,2,NULL,'venkatasivaforu@gmail.com','1955b38f13116a57e4de2134a139d139','2015-04-21 07:41:10',1),(31,1,NULL,'samarasay@gmail.com','92f5e84598755ea8b48187661c562a16','2015-04-21 07:56:52',1),(35,2,NULL,'dkonda@aapthitech.com','ea452f3b31ac158c119a0b295740d63e','2015-04-21 08:25:47',1),(36,2,NULL,'pratap.jajjara@gmail.com','81dc9bdb52d04dc20036dbd8313ed055','2015-04-21 08:29:28',1),(37,1,NULL,'sivareddybtech1@gmail.com','baa7a52965b99778f38ef37f235e9053','2015-04-21 08:57:22',0),(38,2,NULL,'murali.brahman@gmail.com','81dc9bdb52d04dc20036dbd8313ed055','2015-04-21 09:46:49',1),(39,1,NULL,'murali.brahman7@gmail.com','2a38a4a9316c49e5a833517c45d31070','2015-04-24 22:19:18',0);

/*!40101 SET SQL_MODE=@OLD_SQL_MODE */;
/*!40014 SET FOREIGN_KEY_CHECKS=@OLD_FOREIGN_KEY_CHECKS */;
/*!40014 SET UNIQUE_CHECKS=@OLD_UNIQUE_CHECKS */;
/*!40111 SET SQL_NOTES=@OLD_SQL_NOTES */;
